Country,Code,Year,CO2 Emissions
Australia,AUS,1850,0.18
Australia,AUS,1851,0.16
Australia,AUS,1852,0.149
Australia,AUS,1853,0.198
Australia,AUS,1854,0.22
Australia,AUS,1855,0.24
Australia,AUS,1856,0.307
Australia,AUS,1857,0.315
Australia,AUS,1858,0.299
Australia,AUS,1859,0.398
Australia,AUS,1860,0.466
Australia,AUS,1861,0.415
Australia,AUS,1862,0.561
Australia,AUS,1863,0.499
Australia,AUS,1864,0.608
Australia,AUS,1865,0.636
Australia,AUS,1866,0.813
Australia,AUS,1867,0.765
Australia,AUS,1868,0.918
Australia,AUS,1869,0.854
Australia,AUS,1870,0.797
Australia,AUS,1871,0.799
Australia,AUS,1872,0.888
Australia,AUS,1873,1.025
Australia,AUS,1874,1.105
Australia,AUS,1875,1.091
Australia,AUS,1876,1.076
Australia,AUS,1877,1.158
Australia,AUS,1878,1.224
Australia,AUS,1879,1.203
Australia,AUS,1880,1.098
Australia,AUS,1881,1.282
Australia,AUS,1882,1.474
Australia,AUS,1883,1.712
Australia,AUS,1884,1.807
Australia,AUS,1885,1.877
Australia,AUS,1886,1.798
Australia,AUS,1887,1.807
Australia,AUS,1888,1.949
Australia,AUS,1889,2.106
Australia,AUS,1890,1.786
Australia,AUS,1891,2.201
Australia,AUS,1892,2.022
Australia,AUS,1893,1.774
Australia,AUS,1894,1.968
Australia,AUS,1895,2.0
Australia,AUS,1896,2.085
Australia,AUS,1897,2.258
Australia,AUS,1898,2.387
Australia,AUS,1899,2.395
Australia,AUS,1900,2.753
Australia,AUS,1901,3.046
Australia,AUS,1902,2.986
Australia,AUS,1903,2.897
Australia,AUS,1904,2.934
Australia,AUS,1905,3.016
Australia,AUS,1906,3.538
Australia,AUS,1907,3.758
Australia,AUS,1908,4.012
Australia,AUS,1909,3.427
Australia,AUS,1910,4.09
Australia,AUS,1911,4.429
Australia,AUS,1912,4.72
Australia,AUS,1913,4.973
Australia,AUS,1914,5.328
Australia,AUS,1915,4.666
Australia,AUS,1916,4.078
Australia,AUS,1917,4.295
Australia,AUS,1918,4.609
Australia,AUS,1919,4.29
Australia,AUS,1920,4.988
Australia,AUS,1921,4.423
Australia,AUS,1922,4.547
Australia,AUS,1923,4.598
Australia,AUS,1924,4.953
Australia,AUS,1925,5.109
Australia,AUS,1926,5.006
Australia,AUS,1927,5.192
Australia,AUS,1928,4.728
Australia,AUS,1929,4.311
Australia,AUS,1930,4.09
Australia,AUS,1931,3.517
Australia,AUS,1932,3.557
Australia,AUS,1933,3.792
Australia,AUS,1934,3.976
Australia,AUS,1935,4.356
Australia,AUS,1936,4.701
Australia,AUS,1937,4.992
Australia,AUS,1938,4.942
Australia,AUS,1939,5.515
Australia,AUS,1940,5.073
Australia,AUS,1941,5.572
Australia,AUS,1942,5.867
Australia,AUS,1943,5.659
Australia,AUS,1944,5.547
Australia,AUS,1945,5.21
Australia,AUS,1946,5.596
Australia,AUS,1947,5.769
Australia,AUS,1948,5.961
Australia,AUS,1949,5.989
Australia,AUS,1950,6.816
Australia,AUS,1951,7.259
Australia,AUS,1952,7.234
Australia,AUS,1953,7.148
Australia,AUS,1954,7.546
Australia,AUS,1955,7.814
Australia,AUS,1956,8.005
Australia,AUS,1957,7.826
Australia,AUS,1958,7.91
Australia,AUS,1959,8.253
Australia,AUS,1960,8.501
Australia,AUS,1961,8.282
Australia,AUS,1962,8.487
Australia,AUS,1963,8.793
Australia,AUS,1964,9.302
Australia,AUS,1965,10.001
Australia,AUS,1966,9.984
Australia,AUS,1967,10.355
Australia,AUS,1968,10.706
Australia,AUS,1969,11.119
Australia,AUS,1970,11.74
Australia,AUS,1971,11.63
Australia,AUS,1972,11.548
Australia,AUS,1973,12.591
Australia,AUS,1974,12.118
Australia,AUS,1975,12.465
Australia,AUS,1976,12.096
Australia,AUS,1977,12.817
Australia,AUS,1978,13.308
Australia,AUS,1979,13.245
Australia,AUS,1980,13.897
Australia,AUS,1981,14.321
Australia,AUS,1982,14.372
Australia,AUS,1983,13.498
Australia,AUS,1984,13.962
Australia,AUS,1985,14.225
Australia,AUS,1986,13.992
Australia,AUS,1987,14.429
Australia,AUS,1988,14.567
Australia,AUS,1989,15.291
Australia,AUS,1990,16.316
Australia,AUS,1991,16.185
Australia,AUS,1992,16.294
Australia,AUS,1993,16.384
Australia,AUS,1994,16.495
Australia,AUS,1995,16.945
Australia,AUS,1996,17.128
Australia,AUS,1997,17.4
Australia,AUS,1998,17.963
Australia,AUS,1999,18.295
Australia,AUS,2000,18.404
Australia,AUS,2001,18.588
Australia,AUS,2002,18.615
Australia,AUS,2003,18.754
Australia,AUS,2004,19.216
Australia,AUS,2005,19.146
Australia,AUS,2006,19.174
Australia,AUS,2007,19.187
Australia,AUS,2008,19.026
Australia,AUS,2009,18.812
Australia,AUS,2010,18.416
Australia,AUS,2011,18.082
Australia,AUS,2012,17.888
Australia,AUS,2013,17.276
Australia,AUS,2014,16.747
Australia,AUS,2015,16.85
Australia,AUS,2016,16.956
Australia,AUS,2017,16.822
Australia,AUS,2018,16.628
Australia,AUS,2019,16.398
Australia,AUS,2020,15.453
Australia,AUS,2021,14.915
Australia,AUS,2022,14.985
Brazil,BRA,1901,0.114
Brazil,BRA,1902,0.133
Brazil,BRA,1903,0.127
Brazil,BRA,1904,0.133
Brazil,BRA,1905,0.139
Brazil,BRA,1906,0.156
Brazil,BRA,1907,0.164
Brazil,BRA,1908,0.168
Brazil,BRA,1909,0.165
Brazil,BRA,1910,0.188
Brazil,BRA,1911,0.202
Brazil,BRA,1912,0.24
Brazil,BRA,1913,0.253
Brazil,BRA,1914,0.169
Brazil,BRA,1915,0.127
Brazil,BRA,1916,0.113
Brazil,BRA,1917,0.096
Brazil,BRA,1918,0.088
Brazil,BRA,1919,0.114
Brazil,BRA,1920,0.132
Brazil,BRA,1921,0.103
Brazil,BRA,1922,0.132
Brazil,BRA,1923,0.157
Brazil,BRA,1924,0.17
Brazil,BRA,1925,0.176
Brazil,BRA,1926,0.176
Brazil,BRA,1927,0.191
Brazil,BRA,1928,0.183
Brazil,BRA,1929,0.192
Brazil,BRA,1930,0.163
Brazil,BRA,1931,0.121
Brazil,BRA,1932,0.118
Brazil,BRA,1933,0.131
Brazil,BRA,1934,0.126
Brazil,BRA,1935,0.147
Brazil,BRA,1936,0.135
Brazil,BRA,1937,0.156
Brazil,BRA,1938,0.153
Brazil,BRA,1939,0.146
Brazil,BRA,1940,0.156
Brazil,BRA,1941,0.148
Brazil,BRA,1942,0.134
Brazil,BRA,1943,0.144
Brazil,BRA,1944,0.128
Brazil,BRA,1945,0.144
Brazil,BRA,1946,0.154
Brazil,BRA,1947,0.18
Brazil,BRA,1948,0.154
Brazil,BRA,1949,0.14
Brazil,BRA,1950,0.364
Brazil,BRA,1951,0.39
Brazil,BRA,1952,0.435
Brazil,BRA,1953,0.427
Brazil,BRA,1954,0.488
Brazil,BRA,1955,0.543
Brazil,BRA,1956,0.566
Brazil,BRA,1957,0.54
Brazil,BRA,1958,0.568
Brazil,BRA,1959,0.55
Brazil,BRA,1960,0.641
Brazil,BRA,1961,0.652
Brazil,BRA,1962,0.691
Brazil,BRA,1963,0.695
Brazil,BRA,1964,0.688
Brazil,BRA,1965,0.665
Brazil,BRA,1966,0.738
Brazil,BRA,1967,0.739
Brazil,BRA,1968,0.843
Brazil,BRA,1969,0.895
Brazil,BRA,1970,0.97
Brazil,BRA,1971,1.036
Brazil,BRA,1972,1.127
Brazil,BRA,1973,1.274
Brazil,BRA,1974,1.347
Brazil,BRA,1975,1.383
Brazil,BRA,1976,1.389
Brazil,BRA,1977,1.425
Brazil,BRA,1978,1.518
Brazil,BRA,1979,1.572
Brazil,BRA,1980,1.523
Brazil,BRA,1981,1.369
Brazil,BRA,1982,1.339
Brazil,BRA,1983,1.267
Brazil,BRA,1984,1.252
Brazil,BRA,1985,1.317
Brazil,BRA,1986,1.412
Brazil,BRA,1987,1.446
Brazil,BRA,1988,1.43
Brazil,BRA,1989,1.433
Brazil,BRA,1990,1.451
Brazil,BRA,1991,1.496
Brazil,BRA,1992,1.498
Brazil,BRA,1993,1.542
Brazil,BRA,1994,1.578
Brazil,BRA,1995,1.643
Brazil,BRA,1996,1.742
Brazil,BRA,1997,1.821
Brazil,BRA,1998,1.855
Brazil,BRA,1999,1.886
Brazil,BRA,2000,1.934
Brazil,BRA,2001,1.942
Brazil,BRA,2002,1.927
Brazil,BRA,2003,1.887
Brazil,BRA,2004,1.957
Brazil,BRA,2005,1.951
Brazil,BRA,2006,1.954
Brazil,BRA,2007,2.047
Brazil,BRA,2008,2.142
Brazil,BRA,2009,2.004
Brazil,BRA,2010,2.242
Brazil,BRA,2011,2.334
Brazil,BRA,2012,2.492
Brazil,BRA,2013,2.639
Brazil,BRA,2014,2.742
Brazil,BRA,2015,2.58
Brazil,BRA,2016,2.382
Brazil,BRA,2017,2.384
Brazil,BRA,2018,2.274
Brazil,BRA,2019,2.236
Brazil,BRA,2020,2.085
Brazil,BRA,2021,2.32
Brazil,BRA,2022,2.245
Canada,CAN,1850,0.024
Canada,CAN,1851,0.027
Canada,CAN,1852,0.032
Canada,CAN,1853,0.038
Canada,CAN,1854,0.044
Canada,CAN,1855,0.052
Canada,CAN,1856,0.06
Canada,CAN,1857,0.07
Canada,CAN,1858,0.083
Canada,CAN,1859,0.097
Canada,CAN,1860,0.115
Canada,CAN,1861,0.135
Canada,CAN,1862,0.163
Canada,CAN,1863,0.203
Canada,CAN,1864,0.24
Canada,CAN,1865,0.287
Canada,CAN,1866,0.346
Canada,CAN,1867,0.439
Canada,CAN,1868,0.258
Canada,CAN,1869,0.184
Canada,CAN,1870,0.325
Canada,CAN,1871,0.467
Canada,CAN,1872,0.478
Canada,CAN,1873,0.41
Canada,CAN,1874,0.408
Canada,CAN,1875,0.465
Canada,CAN,1876,0.454
Canada,CAN,1877,0.487
Canada,CAN,1878,0.459
Canada,CAN,1879,0.511
Canada,CAN,1880,1.209
Canada,CAN,1881,1.276
Canada,CAN,1882,1.492
Canada,CAN,1883,1.657
Canada,CAN,1884,1.897
Canada,CAN,1885,1.798
Canada,CAN,1886,1.898
Canada,CAN,1887,2.165
Canada,CAN,1888,2.808
Canada,CAN,1889,2.357
Canada,CAN,1890,2.563
Canada,CAN,1891,2.849
Canada,CAN,1892,2.809
Canada,CAN,1893,2.974
Canada,CAN,1894,2.811
Canada,CAN,1895,2.655
Canada,CAN,1896,2.846
Canada,CAN,1897,2.847
Canada,CAN,1898,2.991
Canada,CAN,1899,3.601
Canada,CAN,1900,3.81
Canada,CAN,1901,4.315
Canada,CAN,1902,4.531
Canada,CAN,1903,4.807
Canada,CAN,1904,5.538
Canada,CAN,1905,5.762
Canada,CAN,1906,5.925
Canada,CAN,1907,7.247
Canada,CAN,1908,7.115
Canada,CAN,1909,6.639
Canada,CAN,1910,7.371
Canada,CAN,1911,8.413
Canada,CAN,1912,9.193
Canada,CAN,1913,10.622
Canada,CAN,1914,8.982
Canada,CAN,1915,7.87
Canada,CAN,1916,9.652
Canada,CAN,1917,10.55
Canada,CAN,1918,10.857
Canada,CAN,1919,9.049
Canada,CAN,1920,9.844
Canada,CAN,1921,9.217
Canada,CAN,1922,7.784
Canada,CAN,1923,10.275
Canada,CAN,1924,8.403
Canada,CAN,1925,8.028
Canada,CAN,1926,8.885
Canada,CAN,1927,9.477
Canada,CAN,1928,9.491
Canada,CAN,1929,9.862
Canada,CAN,1930,9.258
Canada,CAN,1931,7.343
Canada,CAN,1932,6.715
Canada,CAN,1933,6.574
Canada,CAN,1934,7.479
Canada,CAN,1935,7.295
Canada,CAN,1936,7.891
Canada,CAN,1937,8.47
Canada,CAN,1938,7.667
Canada,CAN,1939,8.41
Canada,CAN,1940,9.484
Canada,CAN,1941,10.332
Canada,CAN,1942,11.084
Canada,CAN,1943,11.465
Canada,CAN,1944,11.45
Canada,CAN,1945,10.453
Canada,CAN,1946,10.886
Canada,CAN,1947,11.087
Canada,CAN,1948,12.022
Canada,CAN,1949,10.783
Canada,CAN,1950,11.215
Canada,CAN,1951,11.549
Canada,CAN,1952,11.005
Canada,CAN,1953,10.778
Canada,CAN,1954,10.635
Canada,CAN,1955,10.771
Canada,CAN,1956,11.74
Canada,CAN,1957,10.98
Canada,CAN,1958,10.644
Canada,CAN,1959,10.527
Canada,CAN,1960,10.761
Canada,CAN,1961,10.616
Canada,CAN,1962,11.115
Canada,CAN,1963,11.118
Canada,CAN,1964,12.293
Canada,CAN,1965,12.795
Canada,CAN,1966,12.918
Canada,CAN,1967,13.8
Canada,CAN,1968,14.628
Canada,CAN,1969,14.601
Canada,CAN,1970,15.917
Canada,CAN,1971,16.094
Canada,CAN,1972,17.136
Canada,CAN,1973,16.944
Canada,CAN,1974,17.079
Canada,CAN,1975,17.15
Canada,CAN,1976,17.019
Canada,CAN,1977,17.195
Canada,CAN,1978,17.341
Canada,CAN,1979,18.237
Canada,CAN,1980,18.067
Canada,CAN,1981,17.313
Canada,CAN,1982,16.511
Canada,CAN,1983,16.101
Canada,CAN,1984,16.609
Canada,CAN,1985,16.318
Canada,CAN,1986,15.497
Canada,CAN,1987,16.302
Canada,CAN,1988,16.993
Canada,CAN,1989,16.99
Canada,CAN,1990,16.578
Canada,CAN,1991,16.068
Canada,CAN,1992,16.369
Canada,CAN,1993,16.205
Canada,CAN,1994,16.529
Canada,CAN,1995,16.792
Canada,CAN,1996,17.172
Canada,CAN,1997,17.488
Canada,CAN,1998,17.591
Canada,CAN,1999,17.911
Canada,CAN,2000,18.482
Canada,CAN,2001,18.035
Canada,CAN,2002,18.018
Canada,CAN,2003,18.388
Canada,CAN,2004,18.165
Canada,CAN,2005,17.841
Canada,CAN,2006,17.478
Canada,CAN,2007,18.068
Canada,CAN,2008,17.364
Canada,CAN,2009,16.198
Canada,CAN,2010,16.372
Canada,CAN,2011,16.468
Canada,CAN,2012,16.309
Canada,CAN,2013,16.243
Canada,CAN,2014,15.997
Canada,CAN,2015,15.971
Canada,CAN,2016,15.443
Canada,CAN,2017,15.502
Canada,CAN,2018,15.582
Canada,CAN,2019,15.42
Canada,CAN,2020,13.8
Canada,CAN,2021,14.079
Canada,CAN,2022,14.249
China,CHN,1907,0.048
China,CHN,1908,0.055
China,CHN,1909,0.058
China,CHN,1910,0.06
China,CHN,1911,0.058
China,CHN,1912,0.04
China,CHN,1913,0.056
China,CHN,1914,0.061
China,CHN,1915,0.058
China,CHN,1916,0.068
China,CHN,1917,0.071
China,CHN,1918,0.076
China,CHN,1919,0.083
China,CHN,1920,0.087
China,CHN,1921,0.083
China,CHN,1922,0.085
China,CHN,1923,0.099
China,CHN,1924,0.103
China,CHN,1925,0.097
China,CHN,1926,0.092
China,CHN,1927,0.096
China,CHN,1928,0.099
China,CHN,1929,0.1
China,CHN,1930,0.103
China,CHN,1931,0.107
China,CHN,1932,0.103
China,CHN,1933,0.11
China,CHN,1934,0.126
China,CHN,1935,0.146
China,CHN,1936,0.151
China,CHN,1937,0.141
China,CHN,1938,0.121
China,CHN,1939,0.146
China,CHN,1940,0.178
China,CHN,1941,0.222
China,CHN,1942,0.247
China,CHN,1943,0.21
China,CHN,1944,0.197
China,CHN,1945,0.106
China,CHN,1946,0.068
China,CHN,1947,0.079
China,CHN,1948,0.072
China,CHN,1949,0.115
China,CHN,1950,0.145
China,CHN,1951,0.184
China,CHN,1952,0.227
China,CHN,1953,0.232
China,CHN,1954,0.273
China,CHN,1955,0.316
China,CHN,1956,0.35
China,CHN,1957,0.406
China,CHN,1958,0.815
China,CHN,1959,1.104
China,CHN,1960,1.221
China,CHN,1961,0.871
China,CHN,1962,0.692
China,CHN,1963,0.668
China,CHN,1964,0.654
China,CHN,1965,0.691
China,CHN,1966,0.74
China,CHN,1967,0.605
China,CHN,1968,0.635
China,CHN,1969,0.758
China,CHN,1970,0.982
China,CHN,1971,1.078
China,CHN,1972,1.123
China,CHN,1973,1.144
China,CHN,1974,1.143
China,CHN,1975,1.293
China,CHN,1976,1.32
China,CHN,1977,1.423
China,CHN,1978,1.563
China,CHN,1979,1.576
China,CHN,1980,1.521
China,CHN,1981,1.481
China,CHN,1982,1.585
China,CHN,1983,1.646
China,CHN,1984,1.767
China,CHN,1985,1.885
China,CHN,1986,1.952
China,CHN,1987,2.058
China,CHN,1988,2.174
China,CHN,1989,2.172
China,CHN,1990,2.154
China,CHN,1991,2.226
China,CHN,1992,2.307
China,CHN,1993,2.443
China,CHN,1994,2.571
China,CHN,1995,2.76
China,CHN,1996,2.857
China,CHN,1997,2.84
China,CHN,1998,2.699
China,CHN,1999,2.834
China,CHN,2000,2.887
China,CHN,2001,2.93
China,CHN,2002,3.203
China,CHN,2003,3.756
China,CHN,2004,4.023
China,CHN,2005,4.508
China,CHN,2006,4.946
China,CHN,2007,5.285
China,CHN,2008,5.64
China,CHN,2009,5.893
China,CHN,2010,6.394
China,CHN,2011,7.024
China,CHN,2012,7.156
China,CHN,2013,7.235
China,CHN,2014,7.218
China,CHN,2015,7.08
China,CHN,2016,6.966
China,CHN,2017,7.099
China,CHN,2018,7.307
China,CHN,2019,7.54
China,CHN,2020,7.659
China,CHN,2021,7.95
China,CHN,2022,7.993
France,FRA,1850,0.54
France,FRA,1851,0.55
France,FRA,1852,0.591
France,FRA,1853,0.692
France,FRA,1854,0.796
France,FRA,1855,0.899
France,FRA,1856,0.94
France,FRA,1857,0.955
France,FRA,1858,0.934
France,FRA,1859,0.943
France,FRA,1860,1.025
France,FRA,1861,1.106
France,FRA,1862,1.164
France,FRA,1863,1.178
France,FRA,1864,1.245
France,FRA,1865,1.308
France,FRA,1866,1.417
France,FRA,1867,1.432
France,FRA,1868,1.461
France,FRA,1869,1.494
France,FRA,1870,1.323
France,FRA,1871,1.314
France,FRA,1872,1.59
France,FRA,1873,1.716
France,FRA,1874,1.631
France,FRA,1875,1.697
France,FRA,1876,1.697
France,FRA,1877,1.658
France,FRA,1878,1.689
France,FRA,1879,1.746
France,FRA,1880,1.966
France,FRA,1881,2.01
France,FRA,1882,2.117
France,FRA,1883,2.215
France,FRA,1884,2.123
France,FRA,1885,2.037
France,FRA,1886,2.016
France,FRA,1887,2.119
France,FRA,1888,2.2
France,FRA,1889,2.25
France,FRA,1890,2.474
France,FRA,1891,2.475
France,FRA,1892,2.475
France,FRA,1893,2.427
France,FRA,1894,2.564
France,FRA,1895,2.583
France,FRA,1896,2.668
France,FRA,1897,2.79
France,FRA,1898,2.882
France,FRA,1899,3.01
France,FRA,1900,3.23
France,FRA,1901,3.12
France,FRA,1902,2.933
France,FRA,1903,3.22
France,FRA,1904,3.133
France,FRA,1905,3.165
France,FRA,1906,3.387
France,FRA,1907,3.607
France,FRA,1908,3.63
France,FRA,1909,3.714
France,FRA,1910,3.733
France,FRA,1911,3.901
France,FRA,1912,3.96
France,FRA,1913,4.298
France,FRA,1914,2.99
France,FRA,1915,2.623
France,FRA,1916,2.804
France,FRA,1917,3.126
France,FRA,1918,2.804
France,FRA,1919,3.012
France,FRA,1920,3.939
France,FRA,1921,3.573
France,FRA,1922,4.21
France,FRA,1923,4.722
France,FRA,1924,5.264
France,FRA,1925,5.412
France,FRA,1926,5.374
France,FRA,1927,5.322
France,FRA,1928,5.253
France,FRA,1929,5.787
France,FRA,1930,5.85
France,FRA,1931,5.345
France,FRA,1932,4.713
France,FRA,1933,4.907
France,FRA,1934,4.963
France,FRA,1935,4.823
France,FRA,1936,4.897
France,FRA,1937,5.39
France,FRA,1938,5.003
France,FRA,1939,4.827
France,FRA,1940,3.415
France,FRA,1941,2.968
France,FRA,1942,3.024
France,FRA,1943,3.081
France,FRA,1944,1.96
France,FRA,1945,2.617
France,FRA,1946,4.02
France,FRA,1947,4.451
France,FRA,1948,4.746
France,FRA,1949,5.506
France,FRA,1950,4.834
France,FRA,1951,5.421
France,FRA,1952,5.336
France,FRA,1953,5.003
France,FRA,1954,5.237
France,FRA,1955,5.482
France,FRA,1956,6.108
France,FRA,1957,6.259
France,FRA,1958,5.947
France,FRA,1959,5.794
France,FRA,1960,6.485
France,FRA,1961,6.841
France,FRA,1962,7.138
France,FRA,1963,7.173
France,FRA,1964,7.742
France,FRA,1965,7.546
France,FRA,1966,7.813
France,FRA,1967,8.228
France,FRA,1968,8.424
France,FRA,1969,8.852
France,FRA,1970,9.113
France,FRA,1971,9.68
France,FRA,1972,9.997
France,FRA,1973,10.396
France,FRA,1974,9.981
France,FRA,1975,9.193
France,FRA,1976,9.935
France,FRA,1977,9.579
France,FRA,1978,9.944
France,FRA,1979,9.959
France,FRA,1980,9.514
France,FRA,1981,8.503
France,FRA,1982,8.107
France,FRA,1983,7.753
France,FRA,1984,7.511
France,FRA,1985,7.352
France,FRA,1986,7.048
France,FRA,1987,6.968
France,FRA,1988,6.896
France,FRA,1989,7.114
France,FRA,1990,6.974
France,FRA,1991,7.375
France,FRA,1992,7.17
France,FRA,1993,6.808
France,FRA,1994,6.667
France,FRA,1995,6.73
France,FRA,1996,6.992
France,FRA,1997,6.838
France,FRA,1998,7.127
France,FRA,1999,7.067
France,FRA,2000,6.929
France,FRA,2001,6.965
France,FRA,2002,6.845
France,FRA,2003,6.906
France,FRA,2004,6.882
France,FRA,2005,6.877
France,FRA,2006,6.67
France,FRA,2007,6.46
France,FRA,2008,6.309
France,FRA,2009,5.974
France,FRA,2010,6.03
France,FRA,2011,5.641
France,FRA,2012,5.651
France,FRA,2013,5.66
France,FRA,2014,5.143
France,FRA,2015,5.194
France,FRA,2016,5.22
France,FRA,2017,5.252
France,FRA,2018,5.011
France,FRA,2019,4.898
France,FRA,2020,4.366
France,FRA,2021,4.754
France,FRA,2022,4.604
Germany,DEU,1850,0.449
Germany,DEU,1851,0.496
Germany,DEU,1852,0.56
Germany,DEU,1853,0.602
Germany,DEU,1854,0.702
Germany,DEU,1855,0.818
Germany,DEU,1856,0.878
Germany,DEU,1857,0.929
Germany,DEU,1858,0.997
Germany,DEU,1859,0.939
Germany,DEU,1860,1.003
Germany,DEU,1861,1.13
Germany,DEU,1862,1.235
Germany,DEU,1863,1.327
Germany,DEU,1864,1.508
Germany,DEU,1865,1.675
Germany,DEU,1866,1.646
Germany,DEU,1867,1.793
Germany,DEU,1868,1.911
Germany,DEU,1869,1.975
Germany,DEU,1870,1.932
Germany,DEU,1871,2.13
Germany,DEU,1872,2.275
Germany,DEU,1873,2.403
Germany,DEU,1874,1.73
Germany,DEU,1875,2.427
Germany,DEU,1876,2.447
Germany,DEU,1877,2.37
Germany,DEU,1878,2.42
Germany,DEU,1879,2.539
Germany,DEU,1880,2.822
Germany,DEU,1881,3.013
Germany,DEU,1882,3.193
Germany,DEU,1883,3.37
Germany,DEU,1884,3.435
Germany,DEU,1885,3.482
Germany,DEU,1886,3.488
Germany,DEU,1887,3.611
Germany,DEU,1888,3.912
Germany,DEU,1889,4.132
Germany,DEU,1890,4.278
Germany,DEU,1891,4.482
Germany,DEU,1892,4.308
Germany,DEU,1893,4.362
Germany,DEU,1894,4.473
Germany,DEU,1895,4.581
Germany,DEU,1896,4.859
Germany,DEU,1897,5.116
Germany,DEU,1898,5.264
Germany,DEU,1899,5.516
Germany,DEU,1900,5.858
Germany,DEU,1901,5.753
Germany,DEU,1902,5.558
Germany,DEU,1903,5.894
Germany,DEU,1904,6.017
Germany,DEU,1905,6.364
Germany,DEU,1906,5.935
Germany,DEU,1907,7.143
Germany,DEU,1908,7.108
Germany,DEU,1909,7.011
Germany,DEU,1910,6.953
Germany,DEU,1911,7.128
Germany,DEU,1912,7.752
Germany,DEU,1913,8.333
Germany,DEU,1914,7.776
Germany,DEU,1915,7.249
Germany,DEU,1916,7.862
Germany,DEU,1917,8.26
Germany,DEU,1918,7.952
Germany,DEU,1919,6.128
Germany,DEU,1920,6.783
Germany,DEU,1921,7.458
Germany,DEU,1922,7.145
Germany,DEU,1923,5.173
Germany,DEU,1924,6.994
Germany,DEU,1925,7.044
Germany,DEU,1926,6.312
Germany,DEU,1927,7.302
Germany,DEU,1928,7.612
Germany,DEU,1929,8.074
Germany,DEU,1930,6.872
Germany,DEU,1931,5.7
Germany,DEU,1932,5.096
Germany,DEU,1933,5.315
Germany,DEU,1934,5.909
Germany,DEU,1935,6.495
Germany,DEU,1936,7.124
Germany,DEU,1937,7.978
Germany,DEU,1938,8.453
Germany,DEU,1939,9.072
Germany,DEU,1940,9.121
Germany,DEU,1941,9.197
Germany,DEU,1942,9.298
Germany,DEU,1943,9.479
Germany,DEU,1944,8.392
Germany,DEU,1945,1.626
Germany,DEU,1946,3.814
Germany,DEU,1947,4.469
Germany,DEU,1948,5.327
Germany,DEU,1949,6.096
Germany,DEU,1950,7.196
Germany,DEU,1951,8.146
Germany,DEU,1952,8.629
Germany,DEU,1953,8.797
Germany,DEU,1954,9.289
Germany,DEU,1955,10.158
Germany,DEU,1956,10.72
Germany,DEU,1957,10.839
Germany,DEU,1958,10.485
Germany,DEU,1959,10.413
Germany,DEU,1960,11.14
Germany,DEU,1961,11.342
Germany,DEU,1962,11.903
Germany,DEU,1963,12.641
Germany,DEU,1964,12.846
Germany,DEU,1965,12.627
Germany,DEU,1966,12.418
Germany,DEU,1967,12.131
Germany,DEU,1968,12.683
Germany,DEU,1969,13.485
Germany,DEU,1970,13.105
Germany,DEU,1971,13.211
Germany,DEU,1972,13.243
Germany,DEU,1973,13.802
Germany,DEU,1974,13.517
Germany,DEU,1975,12.768
Germany,DEU,1976,13.92
Germany,DEU,1977,13.457
Germany,DEU,1978,13.822
Germany,DEU,1979,14.347
Germany,DEU,1980,14.142
Germany,DEU,1981,13.497
Germany,DEU,1982,13.088
Germany,DEU,1983,13.042
Germany,DEU,1984,13.32
Germany,DEU,1985,13.448
Germany,DEU,1986,13.463
Germany,DEU,1987,13.221
Germany,DEU,1988,13.112
Germany,DEU,1989,12.783
Germany,DEU,1990,13.289
Germany,DEU,1991,12.742
Germany,DEU,1992,12.087
Germany,DEU,1993,11.907
Germany,DEU,1994,11.661
Germany,DEU,1995,11.586
Germany,DEU,1996,11.804
Germany,DEU,1997,11.438
Germany,DEU,1998,11.327
Germany,DEU,1999,10.979
Germany,DEU,2000,11.023
Germany,DEU,2001,11.228
Germany,DEU,2002,11.036
Germany,DEU,2003,11.062
Germany,DEU,2004,10.898
Germany,DEU,2005,10.657
Germany,DEU,2006,10.81
Germany,DEU,2007,10.473
Germany,DEU,2008,10.501
Germany,DEU,2009,9.701
Germany,DEU,2010,10.22
Germany,DEU,2011,9.919
Germany,DEU,2012,9.968
Germany,DEU,2013,10.208
Germany,DEU,2014,9.709
Germany,DEU,2015,9.724
Germany,DEU,2016,9.738
Germany,DEU,2017,9.513
Germany,DEU,2018,9.105
Germany,DEU,2019,8.509
Germany,DEU,2020,7.767
Germany,DEU,2021,8.138
Germany,DEU,2022,7.984
India,IND,1858,0.002
India,IND,1859,0.003
India,IND,1860,0.003
India,IND,1861,0.002
India,IND,1862,0.002
India,IND,1863,0.002
India,IND,1864,0.002
India,IND,1865,0.002
India,IND,1866,0.003
India,IND,1878,0.007
India,IND,1879,0.007
India,IND,1880,0.007
India,IND,1881,0.007
India,IND,1882,0.008
India,IND,1883,0.009
India,IND,1884,0.01
India,IND,1885,0.009
India,IND,1886,0.01
India,IND,1887,0.011
India,IND,1888,0.013
India,IND,1889,0.015
India,IND,1890,0.016
India,IND,1891,0.017
India,IND,1892,0.019
India,IND,1893,0.02
India,IND,1894,0.02
India,IND,1895,0.025
India,IND,1896,0.027
India,IND,1897,0.03
India,IND,1898,0.033
India,IND,1899,0.036
India,IND,1900,0.042
India,IND,1901,0.047
India,IND,1902,0.051
India,IND,1903,0.052
India,IND,1904,0.058
India,IND,1905,0.059
India,IND,1906,0.067
India,IND,1907,0.075
India,IND,1908,0.085
India,IND,1909,0.082
India,IND,1910,0.079
India,IND,1911,0.084
India,IND,1912,0.096
India,IND,1913,0.106
India,IND,1914,0.107
India,IND,1915,0.111
India,IND,1916,0.113
India,IND,1917,0.117
India,IND,1918,0.132
India,IND,1919,0.144
India,IND,1920,0.116
India,IND,1921,0.124
India,IND,1922,0.121
India,IND,1923,0.123
India,IND,1924,0.131
India,IND,1925,0.128
India,IND,1926,0.126
India,IND,1927,0.131
India,IND,1928,0.124
India,IND,1929,0.128
India,IND,1930,0.128
India,IND,1931,0.116
India,IND,1932,0.107
India,IND,1933,0.103
India,IND,1934,0.114
India,IND,1935,0.117
India,IND,1936,0.114
India,IND,1937,0.124
India,IND,1938,0.137
India,IND,1939,0.133
India,IND,1940,0.14
India,IND,1941,0.143
India,IND,1942,0.144
India,IND,1943,0.126
India,IND,1944,0.13
India,IND,1945,0.145
India,IND,1946,0.144
India,IND,1947,0.148
India,IND,1948,0.149
India,IND,1949,0.158
India,IND,1950,0.171
India,IND,1951,0.175
India,IND,1952,0.181
India,IND,1953,0.18
India,IND,1954,0.186
India,IND,1955,0.198
India,IND,1956,0.2
India,IND,1957,0.22
India,IND,1958,0.225
India,IND,1959,0.233
India,IND,1960,0.25
India,IND,1961,0.264
India,IND,1962,0.284
India,IND,1963,0.298
India,IND,1964,0.285
India,IND,1965,0.307
India,IND,1966,0.312
India,IND,1967,0.306
India,IND,1968,0.326
India,IND,1969,0.325
India,IND,1970,0.326
India,IND,1971,0.337
India,IND,1972,0.348
India,IND,1973,0.351
India,IND,1974,0.354
India,IND,1975,0.376
India,IND,1976,0.384
India,IND,1977,0.397
India,IND,1978,0.395
India,IND,1979,0.406
India,IND,1980,0.419
India,IND,1981,0.442
India,IND,1982,0.446
India,IND,1983,0.472
India,IND,1984,0.474
India,IND,1985,0.51
India,IND,1986,0.534
India,IND,1987,0.558
India,IND,1988,0.59
India,IND,1989,0.635
India,IND,1990,0.664
India,IND,1991,0.692
India,IND,1992,0.722
India,IND,1993,0.731
India,IND,1994,0.755
India,IND,1995,0.789
India,IND,1996,0.838
India,IND,1997,0.856
India,IND,1998,0.857
India,IND,1999,0.913
India,IND,2000,0.923
India,IND,2001,0.918
India,IND,2002,0.93
India,IND,2003,0.948
India,IND,2004,0.99
India,IND,2005,1.027
India,IND,2006,1.102
India,IND,2007,1.17
India,IND,2008,1.234
India,IND,2009,1.318
India,IND,2010,1.352
India,IND,2011,1.403
India,IND,2012,1.511
India,IND,2013,1.545
India,IND,2014,1.643
India,IND,2015,1.689
India,IND,2016,1.759
India,IND,2017,1.792
India,IND,2018,1.894
India,IND,2019,1.889
India,IND,2020,1.734
India,IND,2021,1.9
India,IND,2022,1.997
Indonesia,IDN,1889,0.0
Indonesia,IDN,1890,0.0
Indonesia,IDN,1891,0.001
Indonesia,IDN,1892,0.006
Indonesia,IDN,1893,0.012
Indonesia,IDN,1894,0.014
Indonesia,IDN,1895,0.021
Indonesia,IDN,1896,0.024
Indonesia,IDN,1897,0.03
Indonesia,IDN,1898,0.035
Indonesia,IDN,1899,0.03
Indonesia,IDN,1900,0.032
Indonesia,IDN,1901,0.058
Indonesia,IDN,1902,0.039
Indonesia,IDN,1903,0.076
Indonesia,IDN,1904,0.084
Indonesia,IDN,1905,0.102
Indonesia,IDN,1906,0.109
Indonesia,IDN,1907,0.128
Indonesia,IDN,1908,0.131
Indonesia,IDN,1909,0.141
Indonesia,IDN,1910,0.143
Indonesia,IDN,1911,0.156
Indonesia,IDN,1912,0.134
Indonesia,IDN,1913,0.134
Indonesia,IDN,1914,0.135
Indonesia,IDN,1915,0.134
Indonesia,IDN,1916,0.149
Indonesia,IDN,1917,0.156
Indonesia,IDN,1918,0.154
Indonesia,IDN,1919,0.163
Indonesia,IDN,1920,0.175
Indonesia,IDN,1921,0.183
Indonesia,IDN,1922,0.171
Indonesia,IDN,1923,0.195
Indonesia,IDN,1924,0.213
Indonesia,IDN,1925,0.221
Indonesia,IDN,1926,0.218
Indonesia,IDN,1927,0.25
Indonesia,IDN,1928,0.285
Indonesia,IDN,1929,0.352
Indonesia,IDN,1930,0.339
Indonesia,IDN,1931,0.312
Indonesia,IDN,1932,0.302
Indonesia,IDN,1933,0.32
Indonesia,IDN,1934,0.34
Indonesia,IDN,1935,0.348
Indonesia,IDN,1936,0.374
Indonesia,IDN,1937,0.429
Indonesia,IDN,1938,0.445
Indonesia,IDN,1939,0.479
Indonesia,IDN,1940,0.465
Indonesia,IDN,1941,0.422
Indonesia,IDN,1942,0.148
Indonesia,IDN,1943,0.295
Indonesia,IDN,1944,0.136
Indonesia,IDN,1945,0.059
Indonesia,IDN,1946,0.021
Indonesia,IDN,1947,0.061
Indonesia,IDN,1948,0.23
Indonesia,IDN,1949,0.32
Indonesia,IDN,1950,0.141
Indonesia,IDN,1951,0.132
Indonesia,IDN,1952,0.175
Indonesia,IDN,1953,0.176
Indonesia,IDN,1954,0.194
Indonesia,IDN,1955,0.268
Indonesia,IDN,1956,0.274
Indonesia,IDN,1957,0.274
Indonesia,IDN,1958,0.265
Indonesia,IDN,1959,0.277
Indonesia,IDN,1960,0.242
Indonesia,IDN,1961,0.286
Indonesia,IDN,1962,0.246
Indonesia,IDN,1963,0.237
Indonesia,IDN,1964,0.227
Indonesia,IDN,1965,0.244
Indonesia,IDN,1966,0.226
Indonesia,IDN,1967,0.231
Indonesia,IDN,1968,0.253
Indonesia,IDN,1969,0.297
Indonesia,IDN,1970,0.311
Indonesia,IDN,1971,0.329
Indonesia,IDN,1972,0.356
Indonesia,IDN,1973,0.394
Indonesia,IDN,1974,0.4
Indonesia,IDN,1975,0.411
Indonesia,IDN,1976,0.459
Indonesia,IDN,1977,0.598
Indonesia,IDN,1978,0.665
Indonesia,IDN,1979,0.658
Indonesia,IDN,1980,0.64
Indonesia,IDN,1981,0.661
Indonesia,IDN,1982,0.68
Indonesia,IDN,1983,0.662
Indonesia,IDN,1984,0.693
Indonesia,IDN,1985,0.733
Indonesia,IDN,1986,0.722
Indonesia,IDN,1987,0.718
Indonesia,IDN,1988,0.755
Indonesia,IDN,1989,0.736
Indonesia,IDN,1990,0.851
Indonesia,IDN,1991,0.943
Indonesia,IDN,1992,1.058
Indonesia,IDN,1993,1.122
Indonesia,IDN,1994,1.125
Indonesia,IDN,1995,1.122
Indonesia,IDN,1996,1.257
Indonesia,IDN,1997,1.368
Indonesia,IDN,1998,1.176
Indonesia,IDN,1999,1.384
Indonesia,IDN,2000,1.314
Indonesia,IDN,2001,1.46
Indonesia,IDN,2002,1.401
Indonesia,IDN,2003,1.521
Indonesia,IDN,2004,1.518
Indonesia,IDN,2005,1.519
Indonesia,IDN,2006,1.495
Indonesia,IDN,2007,1.651
Indonesia,IDN,2008,1.537
Indonesia,IDN,2009,1.655
Indonesia,IDN,2010,1.827
Indonesia,IDN,2011,2.026
Indonesia,IDN,2012,2.062
Indonesia,IDN,2013,1.931
Indonesia,IDN,2014,1.904
Indonesia,IDN,2015,2.081
Indonesia,IDN,2016,2.063
Indonesia,IDN,2017,2.106
Indonesia,IDN,2018,2.225
Indonesia,IDN,2019,2.414
Indonesia,IDN,2020,2.229
Indonesia,IDN,2021,2.25
Indonesia,IDN,2022,2.646
Iran,IRN,1906,0.0
Iran,IRN,1911,0.012
Iran,IRN,1912,0.024
Iran,IRN,1913,0.081
Iran,IRN,1914,0.114
Iran,IRN,1915,0.139
Iran,IRN,1916,0.202
Iran,IRN,1917,0.288
Iran,IRN,1918,0.362
Iran,IRN,1919,0.458
Iran,IRN,1920,0.575
Iran,IRN,1921,0.758
Iran,IRN,1922,0.941
Iran,IRN,1923,1.142
Iran,IRN,1924,1.289
Iran,IRN,1925,1.31
Iran,IRN,1926,1.343
Iran,IRN,1927,1.441
Iran,IRN,1928,1.475
Iran,IRN,1929,1.378
Iran,IRN,1930,1.459
Iran,IRN,1931,1.379
Iran,IRN,1932,1.514
Iran,IRN,1933,1.636
Iran,IRN,1934,1.71
Iran,IRN,1935,1.669
Iran,IRN,1936,1.796
Iran,IRN,1937,2.188
Iran,IRN,1938,2.156
Iran,IRN,1939,2.008
Iran,IRN,1940,1.787
Iran,IRN,1941,1.355
Iran,IRN,1942,1.902
Iran,IRN,1943,1.945
Iran,IRN,1944,2.637
Iran,IRN,1945,3.32
Iran,IRN,1946,3.748
Iran,IRN,1947,3.915
Iran,IRN,1948,4.767
Iran,IRN,1949,0.491
Iran,IRN,1950,0.57
Iran,IRN,1951,0.402
Iran,IRN,1952,0.232
Iran,IRN,1953,0.212
Iran,IRN,1954,0.057
Iran,IRN,1955,0.838
Iran,IRN,1956,1.18
Iran,IRN,1957,1.101
Iran,IRN,1958,1.243
Iran,IRN,1959,1.228
Iran,IRN,1960,1.747
Iran,IRN,1961,1.661
Iran,IRN,1962,1.656
Iran,IRN,1963,1.776
Iran,IRN,1964,1.984
Iran,IRN,1965,2.178
Iran,IRN,1966,2.524
Iran,IRN,1967,2.597
Iran,IRN,1968,3.063
Iran,IRN,1969,3.004
Iran,IRN,1970,3.226
Iran,IRN,1971,3.472
Iran,IRN,1972,3.521
Iran,IRN,1973,4.179
Iran,IRN,1974,4.508
Iran,IRN,1975,4.237
Iran,IRN,1976,4.623
Iran,IRN,1977,4.695
Iran,IRN,1978,4.504
Iran,IRN,1979,4.381
Iran,IRN,1980,3.128
Iran,IRN,1981,2.792
Iran,IRN,1982,3.242
Iran,IRN,1983,3.397
Iran,IRN,1984,3.284
Iran,IRN,1985,3.382
Iran,IRN,1986,3.018
Iran,IRN,1987,3.137
Iran,IRN,1988,3.361
Iran,IRN,1989,3.546
Iran,IRN,1990,3.763
Iran,IRN,1991,3.825
Iran,IRN,1992,3.822
Iran,IRN,1993,3.943
Iran,IRN,1994,4.39
Iran,IRN,1995,4.429
Iran,IRN,1996,4.463
Iran,IRN,1997,4.279
Iran,IRN,1998,4.783
Iran,IRN,1999,5.769
Iran,IRN,2000,5.558
Iran,IRN,2001,5.792
Iran,IRN,2002,5.843
Iran,IRN,2003,5.99
Iran,IRN,2004,6.338
Iran,IRN,2005,6.583
Iran,IRN,2006,6.96
Iran,IRN,2007,6.949
Iran,IRN,2008,7.127
Iran,IRN,2009,7.22
Iran,IRN,2010,7.336
Iran,IRN,2011,7.418
Iran,IRN,2012,7.609
Iran,IRN,2013,7.621
Iran,IRN,2014,7.912
Iran,IRN,2015,7.722
Iran,IRN,2016,7.608
Iran,IRN,2017,8.111
Iran,IRN,2018,8.295
Iran,IRN,2019,8.025
Iran,IRN,2020,7.779
Iran,IRN,2021,7.826
Iran,IRN,2022,7.799
Italy,ITA,1860,0.001
Italy,ITA,1861,0.026
Italy,ITA,1862,0.047
Italy,ITA,1863,0.04
Italy,ITA,1864,0.06
Italy,ITA,1865,0.047
Italy,ITA,1866,0.055
Italy,ITA,1867,0.054
Italy,ITA,1868,0.062
Italy,ITA,1869,0.068
Italy,ITA,1870,0.097
Italy,ITA,1871,0.083
Italy,ITA,1872,0.106
Italy,ITA,1873,0.098
Italy,ITA,1874,0.106
Italy,ITA,1875,0.107
Italy,ITA,1876,0.143
Italy,ITA,1877,0.132
Italy,ITA,1878,0.13
Italy,ITA,1879,0.149
Italy,ITA,1880,0.173
Italy,ITA,1881,0.202
Italy,ITA,1882,0.211
Italy,ITA,1883,0.222
Italy,ITA,1884,0.244
Italy,ITA,1885,0.276
Italy,ITA,1886,0.272
Italy,ITA,1887,0.33
Italy,ITA,1888,0.352
Italy,ITA,1889,0.361
Italy,ITA,1890,0.389
Italy,ITA,1891,0.348
Italy,ITA,1892,0.343
Italy,ITA,1893,0.329
Italy,ITA,1894,0.406
Italy,ITA,1895,0.372
Italy,ITA,1896,0.351
Italy,ITA,1897,0.364
Italy,ITA,1898,0.377
Italy,ITA,1899,0.41
Italy,ITA,1900,0.417
Italy,ITA,1901,0.403
Italy,ITA,1902,0.444
Italy,ITA,1903,0.449
Italy,ITA,1904,0.471
Italy,ITA,1905,0.515
Italy,ITA,1906,0.604
Italy,ITA,1907,0.648
Italy,ITA,1908,0.655
Italy,ITA,1909,0.719
Italy,ITA,1910,0.716
Italy,ITA,1911,0.735
Italy,ITA,1912,0.769
Italy,ITA,1913,0.826
Italy,ITA,1914,0.749
Italy,ITA,1915,0.653
Italy,ITA,1916,0.644
Italy,ITA,1917,0.441
Italy,ITA,1918,0.518
Italy,ITA,1919,0.506
Italy,ITA,1920,0.483
Italy,ITA,1921,0.588
Italy,ITA,1922,0.686
Italy,ITA,1923,0.71
Italy,ITA,1924,0.844
Italy,ITA,1925,0.805
Italy,ITA,1926,0.924
Italy,ITA,1927,1.032
Italy,ITA,1928,0.966
Italy,ITA,1929,1.106
Italy,ITA,1930,0.985
Italy,ITA,1931,0.844
Italy,ITA,1932,0.687
Italy,ITA,1933,0.74
Italy,ITA,1934,0.955
Italy,ITA,1935,1.084
Italy,ITA,1936,0.758
Italy,ITA,1937,1.061
Italy,ITA,1938,1.047
Italy,ITA,1939,1.066
Italy,ITA,1940,1.125
Italy,ITA,1941,0.977
Italy,ITA,1942,0.948
Italy,ITA,1943,0.16
Italy,ITA,1944,0.08
Italy,ITA,1945,0.097
Italy,ITA,1946,0.49
Italy,ITA,1947,0.808
Italy,ITA,1948,0.775
Italy,ITA,1949,0.863
Italy,ITA,1950,0.893
Italy,ITA,1951,1.044
Italy,ITA,1952,1.077
Italy,ITA,1953,1.181
Italy,ITA,1954,1.358
Italy,ITA,1955,1.522
Italy,ITA,1956,1.725
Italy,ITA,1957,1.79
Italy,ITA,1958,1.79
Italy,ITA,1959,1.911
Italy,ITA,1960,2.205
Italy,ITA,1961,2.497
Italy,ITA,1962,2.916
Italy,ITA,1963,3.255
Italy,ITA,1964,3.446
Italy,ITA,1965,3.684
Italy,ITA,1966,4.124
Italy,ITA,1967,4.477
Italy,ITA,1968,4.732
Italy,ITA,1969,5.088
Italy,ITA,1970,5.558
Italy,ITA,1971,5.799
Italy,ITA,1972,6.079
Italy,ITA,1973,6.498
Italy,ITA,1974,6.543
Italy,ITA,1975,6.19
Italy,ITA,1976,6.604
Italy,ITA,1977,6.369
Italy,ITA,1978,6.644
Italy,ITA,1979,6.871
Italy,ITA,1980,6.86
Italy,ITA,1981,6.639
Italy,ITA,1982,6.484
Italy,ITA,1983,6.331
Italy,ITA,1984,6.439
Italy,ITA,1985,6.515
Italy,ITA,1986,6.412
Italy,ITA,1987,6.71
Italy,ITA,1988,6.811
Italy,ITA,1989,7.137
Italy,ITA,1990,7.733
Italy,ITA,1991,7.719
Italy,ITA,1992,7.72
Italy,ITA,1993,7.582
Italy,ITA,1994,7.479
Italy,ITA,1995,7.901
Italy,ITA,1996,7.797
Italy,ITA,1997,7.895
Italy,ITA,1998,8.108
Italy,ITA,1999,8.19
Italy,ITA,2000,8.26
Italy,ITA,2001,8.256
Italy,ITA,2002,8.37
Italy,ITA,2003,8.637
Italy,ITA,2004,8.67
Italy,ITA,2005,8.631
Italy,ITA,2006,8.505
Italy,ITA,2007,8.348
Italy,ITA,2008,8.089
Italy,ITA,2009,7.135
Italy,ITA,2010,7.297
Italy,ITA,2011,7.076
Italy,ITA,2012,6.716
Italy,ITA,2013,6.139
Italy,ITA,2014,5.804
Italy,ITA,2015,6.009
Italy,ITA,2016,5.968
Italy,ITA,2017,5.89
Italy,ITA,2018,5.842
Italy,ITA,2019,5.699
Italy,ITA,2020,5.097
Italy,ITA,2021,5.693
Italy,ITA,2022,5.727
Japan,JPN,1868,0.0
Japan,JPN,1869,0.001
Japan,JPN,1870,0.001
Japan,JPN,1871,0.001
Japan,JPN,1872,0.001
Japan,JPN,1873,0.001
Japan,JPN,1874,0.017
Japan,JPN,1875,0.04
Japan,JPN,1876,0.039
Japan,JPN,1877,0.036
Japan,JPN,1878,0.051
Japan,JPN,1879,0.063
Japan,JPN,1880,0.064
Japan,JPN,1881,0.065
Japan,JPN,1882,0.067
Japan,JPN,1883,0.072
Japan,JPN,1884,0.077
Japan,JPN,1885,0.087
Japan,JPN,1886,0.093
Japan,JPN,1887,0.114
Japan,JPN,1888,0.131
Japan,JPN,1889,0.157
Japan,JPN,1890,0.168
Japan,JPN,1891,0.2
Japan,JPN,1892,0.197
Japan,JPN,1893,0.207
Japan,JPN,1894,0.263
Japan,JPN,1895,0.289
Japan,JPN,1896,0.303
Japan,JPN,1897,0.314
Japan,JPN,1898,0.396
Japan,JPN,1899,0.393
Japan,JPN,1900,0.437
Japan,JPN,1901,0.518
Japan,JPN,1902,0.549
Japan,JPN,1903,0.561
Japan,JPN,1904,0.625
Japan,JPN,1905,0.636
Japan,JPN,1906,0.69
Japan,JPN,1907,0.728
Japan,JPN,1908,0.773
Japan,JPN,1909,0.776
Japan,JPN,1910,0.79
Japan,JPN,1911,0.876
Japan,JPN,1912,0.965
Japan,JPN,1913,1.05
Japan,JPN,1914,1.108
Japan,JPN,1915,0.997
Japan,JPN,1916,1.093
Japan,JPN,1917,1.243
Japan,JPN,1918,1.303
Japan,JPN,1919,1.424
Japan,JPN,1920,1.319
Japan,JPN,1921,1.171
Japan,JPN,1922,1.235
Japan,JPN,1923,1.294
Japan,JPN,1924,1.334
Japan,JPN,1925,1.359
Japan,JPN,1926,1.35
Japan,JPN,1927,1.442
Japan,JPN,1928,1.468
Japan,JPN,1929,1.487
Japan,JPN,1930,1.332
Japan,JPN,1931,1.189
Japan,JPN,1932,1.175
Japan,JPN,1933,1.358
Japan,JPN,1934,1.486
Japan,JPN,1935,1.542
Japan,JPN,1936,1.672
Japan,JPN,1937,1.772
Japan,JPN,1938,1.838
Japan,JPN,1939,1.759
Japan,JPN,1940,2.082
Japan,JPN,1941,2.073
Japan,JPN,1942,1.955
Japan,JPN,1943,1.965
Japan,JPN,1944,1.785
Japan,JPN,1945,0.972
Japan,JPN,1946,0.66
Japan,JPN,1947,0.864
Japan,JPN,1948,1.072
Japan,JPN,1949,1.182
Japan,JPN,1950,1.216
Japan,JPN,1951,1.441
Japan,JPN,1952,1.5
Japan,JPN,1953,1.655
Japan,JPN,1954,1.6
Japan,JPN,1955,1.575
Japan,JPN,1956,1.765
Japan,JPN,1957,2.048
Japan,JPN,1958,1.955
Japan,JPN,1959,2.058
Japan,JPN,1960,2.461
Japan,JPN,1961,2.966
Japan,JPN,1962,3.042
Japan,JPN,1963,3.34
Japan,JPN,1964,3.65
Japan,JPN,1965,3.885
Japan,JPN,1966,4.173
Japan,JPN,1967,4.819
Japan,JPN,1968,5.465
Japan,JPN,1969,6.275
Japan,JPN,1970,7.285
Japan,JPN,1971,7.459
Japan,JPN,1972,7.874
Japan,JPN,1973,8.336
Japan,JPN,1974,8.23
Japan,JPN,1975,7.726
Japan,JPN,1976,7.984
Japan,JPN,1977,8.132
Japan,JPN,1978,7.785
Japan,JPN,1979,8.162
Japan,JPN,1980,8.033
Japan,JPN,1981,7.829
Japan,JPN,1982,7.535
Japan,JPN,1983,7.354
Japan,JPN,1984,7.778
Japan,JPN,1985,7.533
Japan,JPN,1986,7.495
Japan,JPN,1987,7.382
Japan,JPN,1988,8.025
Japan,JPN,1989,8.288
Japan,JPN,1990,9.356
Japan,JPN,1991,9.421
Japan,JPN,1992,9.471
Japan,JPN,1993,9.39
Japan,JPN,1994,9.804
Japan,JPN,1995,9.878
Japan,JPN,1996,9.955
Japan,JPN,1997,9.873
Japan,JPN,1998,9.535
Japan,JPN,1999,9.806
Japan,JPN,2000,9.966
Japan,JPN,2001,9.831
Japan,JPN,2002,10.045
Japan,JPN,2003,10.096
Japan,JPN,2004,10.047
Japan,JPN,2005,10.095
Japan,JPN,2006,9.907
Japan,JPN,2007,10.178
Japan,JPN,2008,9.619
Japan,JPN,2009,9.078
Japan,JPN,2010,9.482
Japan,JPN,2011,9.879
Japan,JPN,2012,10.214
Japan,JPN,2013,10.301
Japan,JPN,2014,9.916
Japan,JPN,2015,9.612
Japan,JPN,2016,9.469
Japan,JPN,2017,9.37
Japan,JPN,2018,9.043
Japan,JPN,2019,8.781
Japan,JPN,2020,8.302
Japan,JPN,2021,8.523
Japan,JPN,2022,8.502
Mexico,MEX,1891,0.044
Mexico,MEX,1892,0.049
Mexico,MEX,1893,0.044
Mexico,MEX,1894,0.044
Mexico,MEX,1895,0.04
Mexico,MEX,1896,0.046
Mexico,MEX,1897,0.054
Mexico,MEX,1898,0.057
Mexico,MEX,1899,0.058
Mexico,MEX,1900,0.075
Mexico,MEX,1901,0.098
Mexico,MEX,1902,0.105
Mexico,MEX,1903,0.114
Mexico,MEX,1904,0.124
Mexico,MEX,1905,0.123
Mexico,MEX,1906,0.137
Mexico,MEX,1907,0.16
Mexico,MEX,1908,0.263
Mexico,MEX,1909,0.256
Mexico,MEX,1910,0.286
Mexico,MEX,1911,0.578
Mexico,MEX,1912,0.593
Mexico,MEX,1913,0.807
Mexico,MEX,1914,0.698
Mexico,MEX,1915,0.987
Mexico,MEX,1916,1.186
Mexico,MEX,1917,1.805
Mexico,MEX,1918,2.118
Mexico,MEX,1919,2.833
Mexico,MEX,1920,5.229
Mexico,MEX,1921,6.141
Mexico,MEX,1922,5.754
Mexico,MEX,1923,4.777
Mexico,MEX,1924,4.437
Mexico,MEX,1925,3.679
Mexico,MEX,1926,2.839
Mexico,MEX,1927,1.992
Mexico,MEX,1928,1.487
Mexico,MEX,1929,1.348
Mexico,MEX,1930,1.221
Mexico,MEX,1931,0.988
Mexico,MEX,1932,0.939
Mexico,MEX,1933,0.954
Mexico,MEX,1934,1.059
Mexico,MEX,1935,1.18
Mexico,MEX,1936,1.189
Mexico,MEX,1937,1.325
Mexico,MEX,1938,1.27
Mexico,MEX,1939,1.162
Mexico,MEX,1940,1.161
Mexico,MEX,1941,1.098
Mexico,MEX,1942,0.897
Mexico,MEX,1943,0.871
Mexico,MEX,1944,0.889
Mexico,MEX,1945,0.967
Mexico,MEX,1946,1.059
Mexico,MEX,1947,1.173
Mexico,MEX,1948,1.18
Mexico,MEX,1949,1.083
Mexico,MEX,1950,1.105
Mexico,MEX,1951,1.232
Mexico,MEX,1952,1.28
Mexico,MEX,1953,1.231
Mexico,MEX,1954,1.185
Mexico,MEX,1955,1.261
Mexico,MEX,1956,1.303
Mexico,MEX,1957,1.483
Mexico,MEX,1958,1.58
Mexico,MEX,1959,1.657
Mexico,MEX,1960,1.739
Mexico,MEX,1961,1.743
Mexico,MEX,1962,1.648
Mexico,MEX,1963,1.658
Mexico,MEX,1964,1.795
Mexico,MEX,1965,1.759
Mexico,MEX,1966,1.83
Mexico,MEX,1967,1.971
Mexico,MEX,1968,1.99
Mexico,MEX,1969,2.097
Mexico,MEX,1970,2.266
Mexico,MEX,1971,2.431
Mexico,MEX,1972,2.47
Mexico,MEX,1973,2.608
Mexico,MEX,1974,2.717
Mexico,MEX,1975,2.797
Mexico,MEX,1976,3.039
Mexico,MEX,1977,3.09
Mexico,MEX,1978,3.464
Mexico,MEX,1979,3.642
Mexico,MEX,1980,3.955
Mexico,MEX,1981,4.098
Mexico,MEX,1982,4.301
Mexico,MEX,1983,3.851
Mexico,MEX,1984,3.764
Mexico,MEX,1985,3.838
Mexico,MEX,1986,3.849
Mexico,MEX,1987,3.946
Mexico,MEX,1988,3.874
Mexico,MEX,1989,4.032
Mexico,MEX,1990,3.88
Mexico,MEX,1991,3.961
Mexico,MEX,1992,3.915
Mexico,MEX,1993,3.902
Mexico,MEX,1994,3.984
Mexico,MEX,1995,3.681
Mexico,MEX,1996,3.732
Mexico,MEX,1997,3.892
Mexico,MEX,1998,4.024
Mexico,MEX,1999,4.01
Mexico,MEX,2000,4.002
Mexico,MEX,2001,4.102
Mexico,MEX,2002,4.068
Mexico,MEX,2003,4.258
Mexico,MEX,2004,4.221
Mexico,MEX,2005,4.397
Mexico,MEX,2006,4.442
Mexico,MEX,2007,4.374
Mexico,MEX,2008,4.313
Mexico,MEX,2009,4.146
Mexico,MEX,2010,4.057
Mexico,MEX,2011,4.235
Mexico,MEX,2012,4.333
Mexico,MEX,2013,4.224
Mexico,MEX,2014,4.077
Mexico,MEX,2015,3.991
Mexico,MEX,2016,3.948
Mexico,MEX,2017,3.79
Mexico,MEX,2018,3.792
Mexico,MEX,2019,3.744
Mexico,MEX,2020,3.51
Mexico,MEX,2021,3.7
Mexico,MEX,2022,4.015
Russia,RUS,1850,0.002
Russia,RUS,1855,0.005
Russia,RUS,1858,0.007
Russia,RUS,1859,0.007
Russia,RUS,1860,0.009
Russia,RUS,1861,0.012
Russia,RUS,1862,0.01
Russia,RUS,1863,0.011
Russia,RUS,1864,0.012
Russia,RUS,1865,0.011
Russia,RUS,1866,0.035
Russia,RUS,1867,0.04
Russia,RUS,1868,0.033
Russia,RUS,1869,0.044
Russia,RUS,1870,0.048
Russia,RUS,1871,0.064
Russia,RUS,1872,0.065
Russia,RUS,1873,0.061
Russia,RUS,1874,0.073
Russia,RUS,1875,0.083
Russia,RUS,1876,0.102
Russia,RUS,1877,0.104
Russia,RUS,1878,0.134
Russia,RUS,1879,0.136
Russia,RUS,1880,0.158
Russia,RUS,1881,0.165
Russia,RUS,1882,0.173
Russia,RUS,1883,0.195
Russia,RUS,1884,0.196
Russia,RUS,1885,0.212
Russia,RUS,1886,0.215
Russia,RUS,1887,0.225
Russia,RUS,1888,0.233
Russia,RUS,1889,0.249
Russia,RUS,1890,0.28
Russia,RUS,1891,0.305
Russia,RUS,1892,0.32
Russia,RUS,1893,0.372
Russia,RUS,1894,0.376
Russia,RUS,1895,0.428
Russia,RUS,1896,0.431
Russia,RUS,1897,0.494
Russia,RUS,1898,0.549
Russia,RUS,1899,0.632
Russia,RUS,1900,0.709
Russia,RUS,1901,0.721
Russia,RUS,1902,0.691
Russia,RUS,1903,0.669
Russia,RUS,1904,0.738
Russia,RUS,1905,0.653
Russia,RUS,1906,0.738
Russia,RUS,1907,0.819
Russia,RUS,1908,0.817
Russia,RUS,1909,0.854
Russia,RUS,1910,0.83
Russia,RUS,1911,0.853
Russia,RUS,1912,0.958
Russia,RUS,1913,1.031
Russia,RUS,1914,0.923
Russia,RUS,1915,0.839
Russia,RUS,1916,0.886
Russia,RUS,1917,0.808
Russia,RUS,1918,0.319
Russia,RUS,1919,0.27
Russia,RUS,1920,0.244
Russia,RUS,1921,0.262
Russia,RUS,1922,0.317
Russia,RUS,1923,0.347
Russia,RUS,1924,0.41
Russia,RUS,1925,0.401
Russia,RUS,1926,0.575
Russia,RUS,1927,0.709
Russia,RUS,1928,0.78
Russia,RUS,1929,0.833
Russia,RUS,1930,1.121
Russia,RUS,1931,1.335
Russia,RUS,1932,1.49
Russia,RUS,1933,1.65
Russia,RUS,1934,1.978
Russia,RUS,1935,2.219
Russia,RUS,1936,2.521
Russia,RUS,1937,2.554
Russia,RUS,1938,2.671
Russia,RUS,1939,2.679
Russia,RUS,1940,3.182
Russia,RUS,1941,2.77
Russia,RUS,1942,1.492
Russia,RUS,1943,1.543
Russia,RUS,1944,2.217
Russia,RUS,1945,2.326
Russia,RUS,1946,2.59
Russia,RUS,1947,3.09
Russia,RUS,1948,3.258
Russia,RUS,1949,3.67
Russia,RUS,1950,4.046
Russia,RUS,1951,4.318
Russia,RUS,1952,4.553
Russia,RUS,1953,4.74
Russia,RUS,1954,5.095
Russia,RUS,1955,5.686
Russia,RUS,1956,6.134
Russia,RUS,1957,6.607
Russia,RUS,1958,6.944
Russia,RUS,1959,7.195
Russia,RUS,1960,7.388
Russia,RUS,1961,7.514
Russia,RUS,1962,7.789
Russia,RUS,1963,8.265
Russia,RUS,1964,8.709
Russia,RUS,1965,9.165
Russia,RUS,1966,9.611
Russia,RUS,1967,9.985
Russia,RUS,1968,10.209
Russia,RUS,1969,10.577
Russia,RUS,1970,11.073
Russia,RUS,1971,11.694
Russia,RUS,1972,12.235
Russia,RUS,1973,12.681
Russia,RUS,1974,13.087
Russia,RUS,1975,13.666
Russia,RUS,1976,14.096
Russia,RUS,1977,14.473
Russia,RUS,1978,14.867
Russia,RUS,1979,14.897
Russia,RUS,1980,15.4
Russia,RUS,1981,15.025
Russia,RUS,1982,15.216
Russia,RUS,1983,15.322
Russia,RUS,1984,15.345
Russia,RUS,1985,16.432
Russia,RUS,1986,16.305
Russia,RUS,1987,16.228
Russia,RUS,1988,16.633
Russia,RUS,1989,16.322
Russia,RUS,1990,17.136
Russia,RUS,1991,16.212
Russia,RUS,1992,13.222
Russia,RUS,1993,12.537
Russia,RUS,1994,11.071
Russia,RUS,1995,10.903
Russia,RUS,1996,10.705
Russia,RUS,1997,10.019
Russia,RUS,1998,9.922
Russia,RUS,1999,10.141
Russia,RUS,2000,10.073
Russia,RUS,2001,10.364
Russia,RUS,2002,10.35
Russia,RUS,2003,10.604
Russia,RUS,2004,10.696
Russia,RUS,2005,10.866
Russia,RUS,2006,11.323
Russia,RUS,2007,11.346
Russia,RUS,2008,11.546
Russia,RUS,2009,10.792
Russia,RUS,2010,11.399
Russia,RUS,2011,11.76
Russia,RUS,2012,11.845
Russia,RUS,2013,11.395
Russia,RUS,2014,11.366
Russia,RUS,2015,11.327
Russia,RUS,2016,11.267
Russia,RUS,2017,11.455
Russia,RUS,2018,11.757
Russia,RUS,2019,11.699
Russia,RUS,2020,11.214
Russia,RUS,2021,11.798
Russia,RUS,2022,11.417
Saudi Arabia,SAU,1936,0.003
Saudi Arabia,SAU,1937,0.009
Saudi Arabia,SAU,1938,0.075
Saudi Arabia,SAU,1939,0.595
Saudi Arabia,SAU,1940,0.767
Saudi Arabia,SAU,1941,0.64
Saudi Arabia,SAU,1942,0.667
Saudi Arabia,SAU,1943,0.692
Saudi Arabia,SAU,1944,1.123
Saudi Arabia,SAU,1945,3.006
Saudi Arabia,SAU,1946,8.502
Saudi Arabia,SAU,1947,12.637
Saudi Arabia,SAU,1948,5.954
Saudi Arabia,SAU,1949,6.032
Saudi Arabia,SAU,1950,1.664
Saudi Arabia,SAU,1951,0.0
Saudi Arabia,SAU,1952,0.0
Saudi Arabia,SAU,1953,0.141
Saudi Arabia,SAU,1954,0.356
Saudi Arabia,SAU,1955,0.59
Saudi Arabia,SAU,1956,0.442
Saudi Arabia,SAU,1957,0.552
Saudi Arabia,SAU,1958,0.51
Saudi Arabia,SAU,1959,0.459
Saudi Arabia,SAU,1960,0.642
Saudi Arabia,SAU,1961,0.829
Saudi Arabia,SAU,1962,1.402
Saudi Arabia,SAU,1963,1.501
Saudi Arabia,SAU,1964,1.468
Saudi Arabia,SAU,1965,0.847
Saudi Arabia,SAU,1966,1.239
Saudi Arabia,SAU,1967,4.736
Saudi Arabia,SAU,1968,5.188
Saudi Arabia,SAU,1969,6.035
Saudi Arabia,SAU,1970,7.411
Saudi Arabia,SAU,1971,9.342
Saudi Arabia,SAU,1972,10.452
Saudi Arabia,SAU,1973,13.409
Saudi Arabia,SAU,1974,13.189
Saudi Arabia,SAU,1975,10.543
Saudi Arabia,SAU,1976,12.195
Saudi Arabia,SAU,1977,13.486
Saudi Arabia,SAU,1978,12.488
Saudi Arabia,SAU,1979,14.254
Saudi Arabia,SAU,1980,16.638
Saudi Arabia,SAU,1981,16.417
Saudi Arabia,SAU,1982,14.096
Saudi Arabia,SAU,1983,13.693
Saudi Arabia,SAU,1984,12.633
Saudi Arabia,SAU,1985,13.376
Saudi Arabia,SAU,1986,15.175
Saudi Arabia,SAU,1987,13.517
Saudi Arabia,SAU,1988,13.746
Saudi Arabia,SAU,1989,13.25
Saudi Arabia,SAU,1990,13.027
Saudi Arabia,SAU,1991,17.326
Saudi Arabia,SAU,1992,18.296
Saudi Arabia,SAU,1993,19.087
Saudi Arabia,SAU,1994,18.165
Saudi Arabia,SAU,1995,14.195
Saudi Arabia,SAU,1996,13.566
Saudi Arabia,SAU,1997,11.118
Saudi Arabia,SAU,1998,10.412
Saudi Arabia,SAU,1999,11.018
Saudi Arabia,SAU,2000,14.031
Saudi Arabia,SAU,2001,13.706
Saudi Arabia,SAU,2002,14.674
Saudi Arabia,SAU,2003,14.427
Saudi Arabia,SAU,2004,16.948
Saudi Arabia,SAU,2005,16.512
Saudi Arabia,SAU,2006,17.3
Saudi Arabia,SAU,2007,14.928
Saudi Arabia,SAU,2008,16.049
Saudi Arabia,SAU,2009,16.613
Saudi Arabia,SAU,2010,17.836
Saudi Arabia,SAU,2011,16.68
Saudi Arabia,SAU,2012,18.391
Saudi Arabia,SAU,2013,17.297
Saudi Arabia,SAU,2014,19.076
Saudi Arabia,SAU,2015,20.728
Saudi Arabia,SAU,2016,20.871
Saudi Arabia,SAU,2017,19.912
Saudi Arabia,SAU,2018,19.615
Saudi Arabia,SAU,2019,19.737
Saudi Arabia,SAU,2020,16.967
Saudi Arabia,SAU,2021,17.564
Saudi Arabia,SAU,2022,18.197
South Africa,ZAF,1884,0.005
South Africa,ZAF,1885,0.008
South Africa,ZAF,1886,0.011
South Africa,ZAF,1887,0.011
South Africa,ZAF,1888,0.018
South Africa,ZAF,1889,0.029
South Africa,ZAF,1890,0.064
South Africa,ZAF,1891,0.064
South Africa,ZAF,1892,0.102
South Africa,ZAF,1893,0.377
South Africa,ZAF,1894,0.504
South Africa,ZAF,1895,0.685
South Africa,ZAF,1896,0.864
South Africa,ZAF,1897,0.959
South Africa,ZAF,1898,1.201
South Africa,ZAF,1899,1.083
South Africa,ZAF,1900,0.451
South Africa,ZAF,1901,0.746
South Africa,ZAF,1902,1.095
South Africa,ZAF,1903,1.437
South Africa,ZAF,1904,1.592
South Africa,ZAF,1905,1.79
South Africa,ZAF,1906,2.012
South Africa,ZAF,1907,2.183
South Africa,ZAF,1908,2.207
South Africa,ZAF,1909,2.499
South Africa,ZAF,1910,2.786
South Africa,ZAF,1911,2.638
South Africa,ZAF,1912,2.756
South Africa,ZAF,1913,2.967
South Africa,ZAF,1914,2.83
South Africa,ZAF,1915,2.802
South Africa,ZAF,1916,3.249
South Africa,ZAF,1917,3.421
South Africa,ZAF,1918,3.208
South Africa,ZAF,1919,3.285
South Africa,ZAF,1920,3.581
South Africa,ZAF,1921,3.48
South Africa,ZAF,1922,2.925
South Africa,ZAF,1923,3.477
South Africa,ZAF,1924,3.577
South Africa,ZAF,1925,3.652
South Africa,ZAF,1926,3.759
South Africa,ZAF,1927,3.576
South Africa,ZAF,1928,3.51
South Africa,ZAF,1929,3.572
South Africa,ZAF,1930,3.266
South Africa,ZAF,1931,2.849
South Africa,ZAF,1932,2.562
South Africa,ZAF,1933,2.712
South Africa,ZAF,1934,3.03
South Africa,ZAF,1935,3.308
South Africa,ZAF,1936,3.554
South Africa,ZAF,1937,3.639
South Africa,ZAF,1938,3.749
South Africa,ZAF,1939,3.814
South Africa,ZAF,1940,3.867
South Africa,ZAF,1941,4.049
South Africa,ZAF,1942,4.339
South Africa,ZAF,1943,4.288
South Africa,ZAF,1944,4.707
South Africa,ZAF,1945,4.729
South Africa,ZAF,1946,4.654
South Africa,ZAF,1947,4.55
South Africa,ZAF,1948,4.565
South Africa,ZAF,1949,4.747
South Africa,ZAF,1950,4.679
South Africa,ZAF,1951,4.889
South Africa,ZAF,1952,5.203
South Africa,ZAF,1953,5.095
South Africa,ZAF,1954,5.184
South Africa,ZAF,1955,5.683
South Africa,ZAF,1956,5.837
South Africa,ZAF,1957,5.852
South Africa,ZAF,1958,6.13
South Africa,ZAF,1959,5.869
South Africa,ZAF,1960,5.923
South Africa,ZAF,1961,6.011
South Africa,ZAF,1962,6.037
South Africa,ZAF,1963,6.082
South Africa,ZAF,1964,6.426
South Africa,ZAF,1965,6.678
South Africa,ZAF,1966,6.48
South Africa,ZAF,1967,6.553
South Africa,ZAF,1968,6.553
South Africa,ZAF,1969,6.595
South Africa,ZAF,1970,6.689
South Africa,ZAF,1971,7.312
South Africa,ZAF,1972,7.239
South Africa,ZAF,1973,7.11
South Africa,ZAF,1974,7.04
South Africa,ZAF,1975,7.177
South Africa,ZAF,1976,7.285
South Africa,ZAF,1977,7.343
South Africa,ZAF,1978,7.224
South Africa,ZAF,1979,7.62
South Africa,ZAF,1980,7.745
South Africa,ZAF,1981,8.503
South Africa,ZAF,1982,9.04
South Africa,ZAF,1983,9.161
South Africa,ZAF,1984,9.631
South Africa,ZAF,1985,9.595
South Africa,ZAF,1986,9.476
South Africa,ZAF,1987,9.099
South Africa,ZAF,1988,9.163
South Africa,ZAF,1989,8.811
South Africa,ZAF,1990,7.847
South Africa,ZAF,1991,7.969
South Africa,ZAF,1992,7.216
South Africa,ZAF,1993,7.533
South Africa,ZAF,1994,7.828
South Africa,ZAF,1995,8.223
South Africa,ZAF,1996,8.144
South Africa,ZAF,1997,8.507
South Africa,ZAF,1998,8.228
South Africa,ZAF,1999,8.086
South Africa,ZAF,2000,8.081
South Africa,ZAF,2001,7.868
South Africa,ZAF,2002,7.48
South Africa,ZAF,2003,8.407
South Africa,ZAF,2004,9.253
South Africa,ZAF,2005,8.491
South Africa,ZAF,2006,9.027
South Africa,ZAF,2007,9.302
South Africa,ZAF,2008,9.793
South Africa,ZAF,2009,9.392
South Africa,ZAF,2010,8.941
South Africa,ZAF,2011,8.884
South Africa,ZAF,2012,8.636
South Africa,ZAF,2013,8.513
South Africa,ZAF,2014,8.622
South Africa,ZAF,2015,7.986
South Africa,ZAF,2016,8.099
South Africa,ZAF,2017,7.757
South Africa,ZAF,2018,7.591
South Africa,ZAF,2019,8.013
South Africa,ZAF,2020,7.395
South Africa,ZAF,2021,7.166
South Africa,ZAF,2022,6.746
South Korea,KOR,1905,0.0
South Korea,KOR,1909,0.001
South Korea,KOR,1910,0.001
South Korea,KOR,1911,0.001
South Korea,KOR,1912,0.002
South Korea,KOR,1913,0.002
South Korea,KOR,1914,0.002
South Korea,KOR,1915,0.003
South Korea,KOR,1916,0.002
South Korea,KOR,1918,0.002
South Korea,KOR,1919,0.003
South Korea,KOR,1920,0.004
South Korea,KOR,1921,0.004
South Korea,KOR,1922,0.004
South Korea,KOR,1923,0.004
South Korea,KOR,1924,0.005
South Korea,KOR,1925,0.007
South Korea,KOR,1926,0.008
South Korea,KOR,1927,0.008
South Korea,KOR,1928,0.009
South Korea,KOR,1929,0.01
South Korea,KOR,1930,0.009
South Korea,KOR,1931,0.01
South Korea,KOR,1932,0.011
South Korea,KOR,1933,0.013
South Korea,KOR,1934,0.017
South Korea,KOR,1935,0.02
South Korea,KOR,1936,0.023
South Korea,KOR,1937,0.024
South Korea,KOR,1938,0.032
South Korea,KOR,1939,0.041
South Korea,KOR,1940,0.052
South Korea,KOR,1941,0.057
South Korea,KOR,1942,0.061
South Korea,KOR,1943,0.058
South Korea,KOR,1944,0.059
South Korea,KOR,1945,0.0
South Korea,KOR,1946,0.027
South Korea,KOR,1947,0.048
South Korea,KOR,1948,0.087
South Korea,KOR,1949,0.111
South Korea,KOR,1950,0.109
South Korea,KOR,1951,0.145
South Korea,KOR,1952,0.17
South Korea,KOR,1953,0.225
South Korea,KOR,1954,0.241
South Korea,KOR,1955,0.292
South Korea,KOR,1956,0.332
South Korea,KOR,1957,0.35
South Korea,KOR,1958,0.371
South Korea,KOR,1959,0.448
South Korea,KOR,1960,0.486
South Korea,KOR,1961,0.544
South Korea,KOR,1962,0.634
South Korea,KOR,1963,0.756
South Korea,KOR,1964,0.777
South Korea,KOR,1965,0.856
South Korea,KOR,1966,1.005
South Korea,KOR,1967,1.15
South Korea,KOR,1968,1.191
South Korea,KOR,1969,1.331
South Korea,KOR,1970,1.648
South Korea,KOR,1971,1.758
South Korea,KOR,1972,1.773
South Korea,KOR,1973,2.105
South Korea,KOR,1974,2.139
South Korea,KOR,1975,2.273
South Korea,KOR,1976,2.554
South Korea,KOR,1977,2.857
South Korea,KOR,1978,3.03
South Korea,KOR,1979,3.521
South Korea,KOR,1980,3.524
South Korea,KOR,1981,3.604
South Korea,KOR,1982,3.573
South Korea,KOR,1983,3.723
South Korea,KOR,1984,3.952
South Korea,KOR,1985,4.093
South Korea,KOR,1986,4.217
South Korea,KOR,1987,4.371
South Korea,KOR,1988,4.907
South Korea,KOR,1989,5.13
South Korea,KOR,1990,5.678
South Korea,KOR,1991,6.197
South Korea,KOR,1992,6.709
South Korea,KOR,1993,7.348
South Korea,KOR,1994,7.875
South Korea,KOR,1995,8.452
South Korea,KOR,1996,9.22
South Korea,KOR,1997,9.681
South Korea,KOR,1998,8.174
South Korea,KOR,1999,8.824
South Korea,KOR,2000,9.404
South Korea,KOR,2001,9.681
South Korea,KOR,2002,10.06
South Korea,KOR,2003,10.206
South Korea,KOR,2004,10.296
South Korea,KOR,2005,10.413
South Korea,KOR,2006,10.478
South Korea,KOR,2007,10.819
South Korea,KOR,2008,11.005
South Korea,KOR,2009,11.069
South Korea,KOR,2010,12.176
South Korea,KOR,2011,12.679
South Korea,KOR,2012,12.651
South Korea,KOR,2013,12.667
South Korea,KOR,2014,12.448
South Korea,KOR,2015,12.436
South Korea,KOR,2016,12.433
South Korea,KOR,2017,12.707
South Korea,KOR,2018,12.968
South Korea,KOR,2019,12.472
South Korea,KOR,2020,11.527
South Korea,KOR,2021,11.886
South Korea,KOR,2022,11.599
Spain,ESP,1850,0.033
Spain,ESP,1851,0.034
Spain,ESP,1852,0.036
Spain,ESP,1853,0.043
Spain,ESP,1854,0.036
Spain,ESP,1855,0.036
Spain,ESP,1856,0.049
Spain,ESP,1857,0.055
Spain,ESP,1858,0.074
Spain,ESP,1859,0.105
Spain,ESP,1860,0.124
Spain,ESP,1861,0.128
Spain,ESP,1862,0.139
Spain,ESP,1863,0.154
Spain,ESP,1864,0.147
Spain,ESP,1865,0.145
Spain,ESP,1866,0.143
Spain,ESP,1867,0.16
Spain,ESP,1868,0.165
Spain,ESP,1869,0.163
Spain,ESP,1870,0.19
Spain,ESP,1871,0.181
Spain,ESP,1872,0.2
Spain,ESP,1873,0.191
Spain,ESP,1874,0.189
Spain,ESP,1875,0.199
Spain,ESP,1876,0.215
Spain,ESP,1877,0.227
Spain,ESP,1878,0.225
Spain,ESP,1879,0.236
Spain,ESP,1880,0.262
Spain,ESP,1881,0.291
Spain,ESP,1882,0.316
Spain,ESP,1883,0.345
Spain,ESP,1884,0.341
Spain,ESP,1885,0.333
Spain,ESP,1886,0.35
Spain,ESP,1887,0.351
Spain,ESP,1888,0.366
Spain,ESP,1889,0.386
Spain,ESP,1890,0.413
Spain,ESP,1891,0.445
Spain,ESP,1892,0.463
Spain,ESP,1893,0.451
Spain,ESP,1894,0.483
Spain,ESP,1895,0.474
Spain,ESP,1896,0.51
Spain,ESP,1897,0.521
Spain,ESP,1898,0.509
Spain,ESP,1899,0.575
Spain,ESP,1900,0.603
Spain,ESP,1901,0.631
Spain,ESP,1902,0.656
Spain,ESP,1903,0.643
Spain,ESP,1904,0.681
Spain,ESP,1905,0.707
Spain,ESP,1906,0.717
Spain,ESP,1907,0.724
Spain,ESP,1908,0.755
Spain,ESP,1909,0.769
Spain,ESP,1910,0.75
Spain,ESP,1911,0.737
Spain,ESP,1912,0.794
Spain,ESP,1913,0.86
Spain,ESP,1914,0.848
Spain,ESP,1915,0.746
Spain,ESP,1916,0.864
Spain,ESP,1917,0.762
Spain,ESP,1918,0.799
Spain,ESP,1919,0.755
Spain,ESP,1920,0.661
Spain,ESP,1921,0.692
Spain,ESP,1922,0.69
Spain,ESP,1923,0.787
Spain,ESP,1924,0.832
Spain,ESP,1925,0.854
Spain,ESP,1926,0.816
Spain,ESP,1927,0.942
Spain,ESP,1928,0.936
Spain,ESP,1929,1.033
Spain,ESP,1930,1.008
Spain,ESP,1931,0.952
Spain,ESP,1932,0.886
Spain,ESP,1933,0.776
Spain,ESP,1934,0.832
Spain,ESP,1935,0.914
Spain,ESP,1936,0.325
Spain,ESP,1937,0.209
Spain,ESP,1938,0.523
Spain,ESP,1939,0.616
Spain,ESP,1940,0.84
Spain,ESP,1941,0.828
Spain,ESP,1942,0.88
Spain,ESP,1943,0.902
Spain,ESP,1944,0.967
Spain,ESP,1945,1.051
Spain,ESP,1946,1.036
Spain,ESP,1947,1.14
Spain,ESP,1948,1.186
Spain,ESP,1949,1.285
Spain,ESP,1950,1.177
Spain,ESP,1951,1.174
Spain,ESP,1952,1.324
Spain,ESP,1953,1.36
Spain,ESP,1954,1.376
Spain,ESP,1955,1.384
Spain,ESP,1956,1.443
Spain,ESP,1957,1.698
Spain,ESP,1958,1.871
Spain,ESP,1959,1.727
Spain,ESP,1960,1.607
Spain,ESP,1961,1.745
Spain,ESP,1962,1.931
Spain,ESP,1963,1.871
Spain,ESP,1964,2.026
Spain,ESP,1965,2.212
Spain,ESP,1966,2.391
Spain,ESP,1967,2.633
Spain,ESP,1968,2.926
Spain,ESP,1969,2.889
Spain,ESP,1970,3.455
Spain,ESP,1971,3.763
Spain,ESP,1972,4.193
Spain,ESP,1973,4.44
Spain,ESP,1974,4.887
Spain,ESP,1975,5.063
Spain,ESP,1976,5.472
Spain,ESP,1977,5.336
Spain,ESP,1978,5.412
Spain,ESP,1979,5.452
Spain,ESP,1980,5.706
Spain,ESP,1981,5.458
Spain,ESP,1982,5.492
Spain,ESP,1983,5.33
Spain,ESP,1984,5.157
Spain,ESP,1985,5.197
Spain,ESP,1986,4.9
Spain,ESP,1987,4.898
Spain,ESP,1988,5.092
Spain,ESP,1989,5.789
Spain,ESP,1990,5.927
Spain,ESP,1991,6.16
Spain,ESP,1992,6.342
Spain,ESP,1993,6.089
Spain,ESP,1994,6.367
Spain,ESP,1995,6.682
Spain,ESP,1996,6.338
Spain,ESP,1997,6.616
Spain,ESP,1998,6.803
Spain,ESP,1999,7.352
Spain,ESP,2000,7.611
Spain,ESP,2001,7.611
Spain,ESP,2002,8.003
Spain,ESP,2003,7.964
Spain,ESP,2004,8.217
Spain,ESP,2005,8.432
Spain,ESP,2006,8.096
Spain,ESP,2007,8.12
Spain,ESP,2008,7.307
Spain,ESP,2009,6.395
Spain,ESP,2010,6.075
Spain,ESP,2011,6.073
Spain,ESP,2012,5.947
Spain,ESP,2013,5.406
Spain,ESP,2014,5.47
Spain,ESP,2015,5.832
Spain,ESP,2016,5.587
Spain,ESP,2017,5.873
Spain,ESP,2018,5.74
Spain,ESP,2019,5.318
Spain,ESP,2020,4.51
Spain,ESP,2021,4.849
Spain,ESP,2022,5.164
Turkey,TUR,1865,0.013
Turkey,TUR,1866,0.018
Turkey,TUR,1867,0.02
Turkey,TUR,1868,0.015
Turkey,TUR,1869,0.023
Turkey,TUR,1870,0.013
Turkey,TUR,1871,0.017
Turkey,TUR,1872,0.021
Turkey,TUR,1873,0.02
Turkey,TUR,1874,0.021
Turkey,TUR,1875,0.029
Turkey,TUR,1876,0.023
Turkey,TUR,1877,0.037
Turkey,TUR,1878,0.027
Turkey,TUR,1879,0.01
Turkey,TUR,1880,0.011
Turkey,TUR,1881,0.015
Turkey,TUR,1882,0.012
Turkey,TUR,1883,0.013
Turkey,TUR,1884,0.014
Turkey,TUR,1885,0.015
Turkey,TUR,1886,0.011
Turkey,TUR,1887,0.019
Turkey,TUR,1888,0.021
Turkey,TUR,1889,0.031
Turkey,TUR,1890,0.028
Turkey,TUR,1891,0.03
Turkey,TUR,1892,0.031
Turkey,TUR,1893,0.032
Turkey,TUR,1894,0.029
Turkey,TUR,1895,0.028
Turkey,TUR,1896,0.032
Turkey,TUR,1897,0.023
Turkey,TUR,1898,0.038
Turkey,TUR,1899,0.048
Turkey,TUR,1900,0.074
Turkey,TUR,1901,0.068
Turkey,TUR,1902,0.074
Turkey,TUR,1903,0.085
Turkey,TUR,1904,0.096
Turkey,TUR,1905,0.106
Turkey,TUR,1906,0.109
Turkey,TUR,1907,0.129
Turkey,TUR,1908,0.118
Turkey,TUR,1909,0.133
Turkey,TUR,1910,0.128
Turkey,TUR,1911,0.152
Turkey,TUR,1912,0.137
Turkey,TUR,1913,0.141
Turkey,TUR,1914,0.116
Turkey,TUR,1915,0.073
Turkey,TUR,1916,0.036
Turkey,TUR,1917,0.028
Turkey,TUR,1918,0.033
Turkey,TUR,1919,0.068
Turkey,TUR,1920,0.102
Turkey,TUR,1921,0.061
Turkey,TUR,1922,0.073
Turkey,TUR,1923,0.105
Turkey,TUR,1924,0.174
Turkey,TUR,1925,0.167
Turkey,TUR,1926,0.211
Turkey,TUR,1927,0.228
Turkey,TUR,1928,0.216
Turkey,TUR,1929,0.243
Turkey,TUR,1930,0.268
Turkey,TUR,1931,0.262
Turkey,TUR,1932,0.262
Turkey,TUR,1933,0.301
Turkey,TUR,1934,0.367
Turkey,TUR,1935,0.369
Turkey,TUR,1936,0.358
Turkey,TUR,1937,0.255
Turkey,TUR,1938,0.273
Turkey,TUR,1939,0.284
Turkey,TUR,1940,0.311
Turkey,TUR,1941,0.315
Turkey,TUR,1942,0.272
Turkey,TUR,1943,0.331
Turkey,TUR,1944,0.373
Turkey,TUR,1945,0.371
Turkey,TUR,1946,0.361
Turkey,TUR,1947,0.378
Turkey,TUR,1948,0.383
Turkey,TUR,1949,0.388
Turkey,TUR,1950,0.452
Turkey,TUR,1951,0.473
Turkey,TUR,1952,0.474
Turkey,TUR,1953,0.571
Turkey,TUR,1954,0.577
Turkey,TUR,1955,0.572
Turkey,TUR,1956,0.587
Turkey,TUR,1957,0.633
Turkey,TUR,1958,0.617
Turkey,TUR,1959,0.642
Turkey,TUR,1960,0.611
Turkey,TUR,1961,0.614
Turkey,TUR,1962,0.744
Turkey,TUR,1963,0.759
Turkey,TUR,1964,0.859
Turkey,TUR,1965,0.872
Turkey,TUR,1966,0.979
Turkey,TUR,1967,1.014
Turkey,TUR,1968,1.07
Turkey,TUR,1969,1.116
Turkey,TUR,1970,1.198
Turkey,TUR,1971,1.31
Turkey,TUR,1972,1.445
Turkey,TUR,1973,1.56
Turkey,TUR,1974,1.568
Turkey,TUR,1975,1.649
Turkey,TUR,1976,1.811
Turkey,TUR,1977,1.96
Turkey,TUR,1978,1.814
Turkey,TUR,1979,1.737
Turkey,TUR,1980,1.706
Turkey,TUR,1981,1.76
Turkey,TUR,1982,1.876
Turkey,TUR,1983,1.91
Turkey,TUR,1984,1.973
Turkey,TUR,1985,2.149
Turkey,TUR,1986,2.302
Turkey,TUR,1987,2.506
Turkey,TUR,1988,2.386
Turkey,TUR,1989,2.581
Turkey,TUR,1990,2.791
Turkey,TUR,1991,2.858
Turkey,TUR,1992,2.914
Turkey,TUR,1993,2.987
Turkey,TUR,1994,2.874
Turkey,TUR,1995,3.058
Turkey,TUR,1996,3.311
Turkey,TUR,1997,3.461
Turkey,TUR,1998,3.408
Turkey,TUR,1999,3.291
Turkey,TUR,2000,3.586
Turkey,TUR,2001,3.282
Turkey,TUR,2002,3.352
Turkey,TUR,2003,3.541
Turkey,TUR,2004,3.611
Turkey,TUR,2005,3.855
Turkey,TUR,2006,4.057
Turkey,TUR,2007,4.452
Turkey,TUR,2008,4.355
Turkey,TUR,2009,4.381
Turkey,TUR,2010,4.32
Turkey,TUR,2011,4.612
Turkey,TUR,2012,4.731
Turkey,TUR,2013,4.536
Turkey,TUR,2014,4.66
Turkey,TUR,2015,4.833
Turkey,TUR,2016,5.011
Turkey,TUR,2017,5.249
Turkey,TUR,2018,5.097
Turkey,TUR,2019,4.824
Turkey,TUR,2020,4.908
Turkey,TUR,2021,5.34
Turkey,TUR,2022,5.105
United Kingdom,GBR,1850,4.489
United Kingdom,GBR,1851,4.253
United Kingdom,GBR,1852,4.216
United Kingdom,GBR,1853,4.167
United Kingdom,GBR,1854,4.992
United Kingdom,GBR,1855,4.646
United Kingdom,GBR,1856,4.969
United Kingdom,GBR,1857,4.851
United Kingdom,GBR,1858,4.725
United Kingdom,GBR,1859,5.213
United Kingdom,GBR,1860,5.807
United Kingdom,GBR,1861,6.008
United Kingdom,GBR,1862,5.771
United Kingdom,GBR,1863,6.086
United Kingdom,GBR,1864,6.494
United Kingdom,GBR,1865,6.825
United Kingdom,GBR,1866,6.974
United Kingdom,GBR,1867,7.101
United Kingdom,GBR,1868,6.907
United Kingdom,GBR,1869,7.185
United Kingdom,GBR,1870,7.274
United Kingdom,GBR,1871,7.635
United Kingdom,GBR,1872,7.967
United Kingdom,GBR,1873,8.189
United Kingdom,GBR,1874,7.881
United Kingdom,GBR,1875,8.238
United Kingdom,GBR,1876,8.144
United Kingdom,GBR,1877,8.211
United Kingdom,GBR,1878,7.986
United Kingdom,GBR,1879,7.96
United Kingdom,GBR,1880,8.597
United Kingdom,GBR,1881,8.959
United Kingdom,GBR,1882,8.961
United Kingdom,GBR,1883,9.25
United Kingdom,GBR,1884,8.936
United Kingdom,GBR,1885,8.759
United Kingdom,GBR,1886,8.611
United Kingdom,GBR,1887,8.763
United Kingdom,GBR,1888,9.039
United Kingdom,GBR,1889,9.284
United Kingdom,GBR,1890,9.419
United Kingdom,GBR,1891,9.534
United Kingdom,GBR,1892,9.252
United Kingdom,GBR,1893,8.211
United Kingdom,GBR,1894,9.316
United Kingdom,GBR,1895,9.317
United Kingdom,GBR,1896,9.494
United Kingdom,GBR,1897,9.656
United Kingdom,GBR,1898,9.589
United Kingdom,GBR,1899,10.181
United Kingdom,GBR,1900,10.215
United Kingdom,GBR,1901,9.906
United Kingdom,GBR,1902,10.2
United Kingdom,GBR,1903,10.191
United Kingdom,GBR,1904,10.15
United Kingdom,GBR,1905,10.194
United Kingdom,GBR,1906,10.467
United Kingdom,GBR,1907,10.839
United Kingdom,GBR,1908,10.482
United Kingdom,GBR,1909,10.493
United Kingdom,GBR,1910,10.503
United Kingdom,GBR,1911,10.699
United Kingdom,GBR,1912,10.082
United Kingdom,GBR,1913,10.975
United Kingdom,GBR,1914,10.598
United Kingdom,GBR,1915,10.692
United Kingdom,GBR,1916,11.03
United Kingdom,GBR,1917,10.857
United Kingdom,GBR,1918,10.072
United Kingdom,GBR,1919,9.812
United Kingdom,GBR,1920,10.11
United Kingdom,GBR,1921,6.865
United Kingdom,GBR,1922,9.2
United Kingdom,GBR,1923,9.793
United Kingdom,GBR,1924,10.268
United Kingdom,GBR,1925,9.72
United Kingdom,GBR,1926,5.337
United Kingdom,GBR,1927,10.131
United Kingdom,GBR,1928,9.519
United Kingdom,GBR,1929,10.027
United Kingdom,GBR,1930,9.593
United Kingdom,GBR,1931,8.945
United Kingdom,GBR,1932,8.56
United Kingdom,GBR,1933,8.437
United Kingdom,GBR,1934,9.059
United Kingdom,GBR,1935,9.14
United Kingdom,GBR,1936,9.617
United Kingdom,GBR,1937,9.871
United Kingdom,GBR,1938,9.419
United Kingdom,GBR,1939,9.448
United Kingdom,GBR,1940,9.876
United Kingdom,GBR,1941,9.72
United Kingdom,GBR,1942,9.665
United Kingdom,GBR,1943,9.339
United Kingdom,GBR,1944,9.041
United Kingdom,GBR,1945,8.509
United Kingdom,GBR,1946,8.852
United Kingdom,GBR,1947,9.326
United Kingdom,GBR,1948,9.578
United Kingdom,GBR,1949,9.731
United Kingdom,GBR,1950,10.005
United Kingdom,GBR,1951,10.846
United Kingdom,GBR,1952,10.473
United Kingdom,GBR,1953,10.649
United Kingdom,GBR,1954,10.85
United Kingdom,GBR,1955,11.27
United Kingdom,GBR,1956,11.169
United Kingdom,GBR,1957,11.043
United Kingdom,GBR,1958,10.706
United Kingdom,GBR,1959,10.463
United Kingdom,GBR,1960,11.115
United Kingdom,GBR,1961,11.135
United Kingdom,GBR,1962,11.149
United Kingdom,GBR,1963,11.276
United Kingdom,GBR,1964,11.286
United Kingdom,GBR,1965,11.472
United Kingdom,GBR,1966,11.328
United Kingdom,GBR,1967,10.789
United Kingdom,GBR,1968,10.993
United Kingdom,GBR,1969,11.338
United Kingdom,GBR,1970,11.726
United Kingdom,GBR,1971,11.819
United Kingdom,GBR,1972,11.56
United Kingdom,GBR,1973,11.743
United Kingdom,GBR,1974,10.975
United Kingdom,GBR,1975,10.721
United Kingdom,GBR,1976,10.638
United Kingdom,GBR,1977,10.745
United Kingdom,GBR,1978,10.752
United Kingdom,GBR,1979,11.455
United Kingdom,GBR,1980,10.28
United Kingdom,GBR,1981,9.94
United Kingdom,GBR,1982,9.712
United Kingdom,GBR,1983,9.654
United Kingdom,GBR,1984,9.353
United Kingdom,GBR,1985,9.88
United Kingdom,GBR,1986,10.024
United Kingdom,GBR,1987,10.06
United Kingdom,GBR,1988,10.013
United Kingdom,GBR,1989,10.189
United Kingdom,GBR,1990,10.522
United Kingdom,GBR,1991,10.624
United Kingdom,GBR,1992,10.326
United Kingdom,GBR,1993,10.054
United Kingdom,GBR,1994,9.934
United Kingdom,GBR,1995,9.773
United Kingdom,GBR,1996,10.103
United Kingdom,GBR,1997,9.66
United Kingdom,GBR,1998,9.729
United Kingdom,GBR,1999,9.579
United Kingdom,GBR,2000,9.669
United Kingdom,GBR,2001,9.781
United Kingdom,GBR,2002,9.439
United Kingdom,GBR,2003,9.583
United Kingdom,GBR,2004,9.558
United Kingdom,GBR,2005,9.445
United Kingdom,GBR,2006,9.339
United Kingdom,GBR,2007,9.134
United Kingdom,GBR,2008,8.826
United Kingdom,GBR,2009,7.938
United Kingdom,GBR,2010,8.157
United Kingdom,GBR,2011,7.422
United Kingdom,GBR,2012,7.64
United Kingdom,GBR,2013,7.428
United Kingdom,GBR,2014,6.774
United Kingdom,GBR,2015,6.477
United Kingdom,GBR,2016,6.084
United Kingdom,GBR,2017,5.863
United Kingdom,GBR,2018,5.716
United Kingdom,GBR,2019,5.462
United Kingdom,GBR,2020,4.865
United Kingdom,GBR,2021,5.164
United Kingdom,GBR,2022,4.72
United States,USA,1850,0.839
United States,USA,1851,1.013
United States,USA,1852,1.07
United States,USA,1853,1.169
United States,USA,1854,1.248
United States,USA,1855,1.394
United States,USA,1856,1.42
United States,USA,1857,1.414
United States,USA,1858,1.393
United States,USA,1859,1.473
United States,USA,1860,1.501
United States,USA,1861,1.409
United States,USA,1862,1.429
United States,USA,1863,1.613
United States,USA,1864,1.687
United States,USA,1865,1.653
United States,USA,1866,1.627
United States,USA,1867,1.956
United States,USA,1868,2.16
United States,USA,1869,2.402
United States,USA,1870,2.472
United States,USA,1871,2.524
United States,USA,1872,3.027
United States,USA,1873,3.269
United States,USA,1874,3.078
United States,USA,1875,3.043
United States,USA,1876,2.912
United States,USA,1877,3.156
United States,USA,1878,3.018
United States,USA,1879,3.599
United States,USA,1880,3.986
United States,USA,1881,4.124
United States,USA,1882,4.517
United States,USA,1883,4.765
United States,USA,1884,4.912
United States,USA,1885,4.886
United States,USA,1886,5.047
United States,USA,1887,5.278
United States,USA,1888,6.278
United States,USA,1889,5.515
United States,USA,1890,6.468
United States,USA,1891,6.746
United States,USA,1892,6.975
United States,USA,1893,6.903
United States,USA,1894,6.344
United States,USA,1895,7.033
United States,USA,1896,6.919
United States,USA,1897,7.067
United States,USA,1898,7.563
United States,USA,1899,8.517
United States,USA,1900,8.857
United States,USA,1901,9.463
United States,USA,1902,9.839
United States,USA,1903,11.295
United States,USA,1904,10.929
United States,USA,1905,11.993
United States,USA,1906,12.352
United States,USA,1907,14.091
United States,USA,1908,12.091
United States,USA,1909,13.15
United States,USA,1910,14.105
United States,USA,1911,13.743
United States,USA,1912,14.455
United States,USA,1913,15.309
United States,USA,1914,13.796
United States,USA,1915,14.121
United States,USA,1916,15.469
United States,USA,1917,16.785
United States,USA,1918,17.309
United States,USA,1919,14.442
United States,USA,1920,16.73
United States,USA,1921,13.506
United States,USA,1922,13.425
United States,USA,1923,17.478
United States,USA,1924,15.423
United States,USA,1925,15.736
United States,USA,1926,16.812
United States,USA,1927,16.193
United States,USA,1928,15.685
United States,USA,1929,16.603
United States,USA,1930,14.586
United States,USA,1931,12.29
United States,USA,1932,10.322
United States,USA,1933,10.992
United States,USA,1934,11.622
United States,USA,1935,11.991
United States,USA,1936,13.672
United States,USA,1937,14.204
United States,USA,1938,11.927
United States,USA,1939,13.038
United States,USA,1940,14.488
United States,USA,1941,15.616
United States,USA,1942,16.59
United States,USA,1943,16.911
United States,USA,1944,17.948
United States,USA,1945,17.084
United States,USA,1946,16.121
United States,USA,1947,17.509
United States,USA,1948,17.94
United States,USA,1949,14.823
United States,USA,1950,17.14
United States,USA,1951,17.389
United States,USA,1952,16.681
United States,USA,1953,16.809
United States,USA,1954,15.736
United States,USA,1955,16.933
United States,USA,1956,17.432
United States,USA,1957,16.986
United States,USA,1958,16.145
United States,USA,1959,16.339
United States,USA,1960,16.444
United States,USA,1961,16.12
United States,USA,1962,16.457
United States,USA,1963,16.932
United States,USA,1964,17.43
United States,USA,1965,17.92
United States,USA,1966,18.618
United States,USA,1967,19.122
United States,USA,1968,19.622
United States,USA,1969,20.394
United States,USA,1970,21.663
United States,USA,1971,21.515
United States,USA,1972,22.281
United States,USA,1973,23.081
United States,USA,1974,22.081
United States,USA,1975,21.196
United States,USA,1976,22.262
United States,USA,1977,22.696
United States,USA,1978,22.679
United States,USA,1979,22.719
United States,USA,1980,21.55
United States,USA,1981,20.768
United States,USA,1982,19.506
United States,USA,1983,19.226
United States,USA,1984,20.029
United States,USA,1985,19.786
United States,USA,1986,19.634
United States,USA,1987,20.119
United States,USA,1988,20.845
United States,USA,1989,20.952
United States,USA,1990,20.642
United States,USA,1991,20.126
United States,USA,1992,20.277
United States,USA,1993,20.376
United States,USA,1994,20.453
United States,USA,1995,20.422
United States,USA,1996,20.867
United States,USA,1997,20.882
United States,USA,1998,20.785
United States,USA,1999,20.789
United States,USA,2000,21.282
United States,USA,2001,20.695
United States,USA,2002,20.622
United States,USA,2003,20.646
United States,USA,2004,20.795
United States,USA,2005,20.658
United States,USA,2006,20.192
United States,USA,2007,20.249
United States,USA,2008,19.35
United States,USA,2009,17.765
United States,USA,2010,18.252
United States,USA,2011,17.67
United States,USA,2012,16.877
United States,USA,2013,17.159
United States,USA,2014,17.168
United States,USA,2015,16.563
United States,USA,2016,16.054
United States,USA,2017,15.804
United States,USA,2018,16.191
United States,USA,2019,15.74
United States,USA,2020,14.034
United States,USA,2021,14.932
United States,USA,2022,14.95
